title,description,category
Da Vinci Alive,นิทรรศการ Da Vinci Alive Bangkok โอกาสในการสัมผัสนิทรรศการระดับโลกมาถึงไทยขนาดนี้แล้ว. คุณจะพลาดได้อย่างไร ต้องไปสักครั้ง! นิทรรศการ Da Vinci Alive Bangkok ประวัติศาสตร์ของโลกคืนชีพอีกครั้งที่ชั้น 6 แอ็ดแทรคชั่น ฮอลล์ ไอคอนสยาม มาพร้อมกับความเอ็กซ์คลูซีฟมากมายที่จะทำให้ทุกคนได้รู้จักกับผลงานชิ้นเอกแห่งยุคฟื้นฟูศิลปวิทยา,Art & Design
I AM FINE !,"“I AM FINE !” คือนิทรรศการเปิดตัวหนังสือเรื่องราวชีวิตศิลปิน 10 คน 10 เล่มที่เขียนโดยตัวศิลปินเอง ซึ่งบอกเล่าเรื่องราวการเดินทางของศิลปินแต่ละคนจากวัยเด็กถึงปัจจุบันแบบกระชับฉับไวพร้อมสอดแทรกภาพผลงานประกอบไว้ให้เห็นถึงการเปลี่ยนผ่านแต่ละช่วงเวลาอย่างชัดเจน โดยเป็นหนังสือที่มีเนื้อหาเล่มเท่ากับพ็อกเก็ตบุ๊คตลอดระยะเวลาราว 1 เดือนในการจัดนิทรรศการนี้ นอกจากจะมีการแสดงผลงานภาพเขียนจริงของศิลปินทั้ง 10 ท่าน อาทิ ประทีป คชบัว, วัชระ กล้าค้าขาย, แดง บัวแสน, ธีธัช ธนโชคทวีพร, ชัยณรงค์ กองกลิ่น, จงจิตร มูลมาตย์, เกียรติอนันต์ เอี่ยมจันทร์, อัญชลี อารยะพงศ์พาณิชย์, ออฟ สมิธ และ วิษณุพงษ์ หนูนันท์ แล้วนั้น ยังมีผลงานของศิลปินรับเชิญอีก 9 ท่านที่มาร่วมสร้างสีสัน สร้างบรรยากาศให้ผู้เข้าเยี่ยมชมงานได้เต็มอิ่มไปกับผลงานศิลปะรูปแบบต่าง ๆ พร้อมทั้งกิจกรรมจำหน่ายหนังสือและของที่ระลึกน่าสะสมมากมายให้ทุกท่านสามารถเป็นเจ้าของผลงานศิลปินบนสินค้าในราคาจับต้องได้อีกด้วยโดยรายได้จากการจำหน่ายหนังสือและผลิตภัณฑ์ส่วนหนึ่งจะนำไปใช้จัดส่งหนังสือไปยังห้องสมุดมหาวิทยาลัย ซึ่งมีการเรียนการสอนศิลปะทั่วประเทศ อย่างน้อยก็เพื่อเป็นประโยชน์ในการศึกษาของน้อง ๆ ที่ไม่มีโอกาสได้มาสัมผัสและเห็นงานจริงของศิลปินที่ตนเองชื่นชอบ ",Art & Design
The Way We Were,"“The Way We Were” หมายถึงตัวตนที่เราเป็นอยู่ หรือในที่นี้อาจหมายถึงความเป็นศิลปินในตัวของทุกคน แม้แตกต่างกันในเนื้อหา วิธีการ และการสื่อถึงความรู้สึก แต่เมื่อรวมกันแล้วมันคือการสร้างสรรค์ที่ถักทอออกมาด้วยความจริงใจ""ดนตรีและศิลปะ คือ สื่อสากลที่ไม่จำเป็นต้องถามถึงแหล่งที่มา เพียงได้ฟังได้ชมก็ประทับใจ ถูกจริตจึงค้นหาว่าผู้ใดเป็นผู้แต่งหรือผู้ผลิตผลงานนั้น ๆ คนเดินดินก็เช่นกัน ไม่ว่าชาติไหน ถ้าไม่บอกว่ามีอาชีพใดหรือเก่งกาจทางด้านไหนก็เป็นเพียงแค่คนธรรมดา รูปสวยก็ชม รูปชั่วก็ชัง แต่หากพวกเขาสร้างสรรค์สื่อสากลที่สามารถแสดงถึงศักยภาพ การมีค่าหรือมีตัวตนขึ้นมา การตัดสินคนจากภายนอกก็จะอันตรธานหายไปสิ้นเรา… กลุ่มศิลปินหลายหลากชาติพันธุ์จึงมารวมตัวกันเพื่อสร้างสรรค์สื่อสากลที่เรียกว่า ‘ศิลปะ’ โดยมิยึดติดกับตัวตนและแหล่งที่มาของตน มาเป็นเพื่อนกัน รักกัน โดยมี ‘ศิลปะ’ เป็นสิ่งเชื่อมโยง"" - ประทีป คชบัวนิทรรศการนี้ถ่ายทอดเรื่องราวของทั้ง 31 ศิลปินที่จะพาทุกท่านไปพบกับแต่ละตัวตนของผู้สร้างศิลปะที่ร่วมมือกันสร้างสรรค์ความมหัศจรรย์ในนิทรรศการครั้งนี้ แล้วพบกับ ""The Way We Were"" เปิดให้เข้าชมฟรีตั้งแต่วันที่ 25 พฤษภาคม - 23 มิถุนายน 2567 ที่ RCB Galleria 4 ชั้น 2 ริเวอร์ ซิตี้ แบงค็อก",Art & Design
Photography Never Lies,“Photography Never Lies - ภาพถ่ายไม่โกหก” นิทรรศการอันเชิญชวนให้เราตั้งคำถามถึงความจริงที่สะท้อนอยู่ในภาพถ่าย ผ่านมุมมองของศิลปิน 13 ท่านจากนานาชาติ โดยนับตั้งแต่อดีตถึงปัจจุบัน ภาพถ่ายถูกมองเป็นเครื่องมือบันทึกเหตุการณ์ที่สะท้อนถึงเรื่องราวที่เคยเกิดขึ้นในช่วงระยะเวลาหนึ่ง อย่างไรก็ตาม เมื่อปัญญาประดิษฐ์ (AI) ได้ก้าวเข้ามามีบทบาทในการสร้างภาพถ่ายจากคำสั่ง (Prompt) โดยคำสั่งนั้นอาจไม่อิงถึงเหตุการณ์จริงใด ๆ เลย ความก้าวหน้าทางเทคโนโลยีดังกล่าวจึงเกิดเป็นความท้าทายต่อความเชื่อที่ว่าภาพถ่ายนั้นไม่อาจโกหกได้“โบริส เอลดากเซ่น (Boris Eldagsen)” หนึ่งในเจ้าของผลงานที่ถูกจัดแสดงในนิทรรศการ “Photography Never Lies” ได้ส่งผลงานภาพถ่ายของเขาไปในการประกวดถ่ายภาพรายการหนึ่ง และชนะรางวัล Creative Open Category อย่างไรก็ตาม ต่อมาเขาได้ปฏิเสธการรับรางวัล โดยแจ้งว่าผลงานของเขาถูกสร้างขึ้นจากปัญญาประดิษฐ์ (AI) ถึงแม้ว่างานของเขาจะถูกจัดแสดงแค่ในรอบสื่อ และถูกปลดออกหลังจากนั้นเพียงหนึ่งวัน แต่ประเด็นดังกล่าวก็ได้จุดประกายต่อมุมมองที่แตกต่างกันของผู้คนจำนวนมาก และส่งผลให้การใช้ปัญญาประดิษฐ์ในการสร้างภาพถ่ายเชิงวิจิตรศิลป์ (Fine art photography) กลายเป็นประเด็นที่ถูกถกเถียงกันอย่างแพร่หลาย“มิติ เรืองกฤตยา” หนึ่งในเจ้าของผลงานชาวไทยที่ร่วมจัดแสดงผลงานในนิทรรศการนี้ เขาได้ใช้ภาพถ่ายที่มีชื่อว่า Bliss (1996) ของ Charles O'Rear ซึ่งเป็นภาพถ่ายของท้องฟ้าตัดกับเนินเขาสีเขียวที่ถูกใช้เป็นพื้นหลังของหน้าจอระบบปฏิบัติการวินโดวส์ XP โดยเขาได้ใส่ภาพถ่ายดังกล่าวเข้าไปให้ AI ถอดออกเป็นข้อความ และนำข้อความดังกล่าวไปให้ AI ตีความออกมาเป็นรูปภาพอีกครั้ง เขาได้ทำซ้ำเช่นนี้ถึง 90 ครั้ง โดยภาพที่ AI ได้แปลงออกมานั้นมีความแตกต่างจากภาพทุ่งหญ้าเดิมมากขึ้นเรื่อย ๆ และกลายเป็นภาพทะเลทรายไปในที่สุด ชุดรูปภาพนี้ก่อให้เกิดคำถามมากมาย เมื่อระบบปัญญาประดิษฐ์อาจบิดเบือนภาพถ่ายต้นฉบับได้จนไม่เหลือรูปแบบเดิมชุดผลงานก่อนหน้า อาจเปรียบเสมือนการทดลองสำหรับภาพถ่ายบางอย่าง ผ่านการใช้ปัญญาประดิษฐ์เท่านั้น แต่จะเป็นอย่างไรหากเราใช้เทคโนโลยีดังกล่าวเลยเถิดไปสร้างเหตุการณ์ที่ไม่เคยมีมาก่อน?“มาเรีย มาฟโรโปลู (Maria Mavropoulou)” เจ้าของผลงานอีกชุดหนึ่งที่ถูกจัดแสดงในนิทรรศการนี้ เธอสร้างสรรค์ผลงานจากการป้อนความทรงจำของเธอ รวมไปถึงเรื่องเล่าที่เธอเคยได้รับรู้ ให้ AI สร้างผลงานภาพถ่ายที่ไม่เคยมีอยู่จริงเกี่ยวกับครอบครัวของเธอขึ้นมา ผลงานชุดนี้ก่อให้เกิดการตั้งคำถามอย่างแพร่หลายว่าการสร้างสรรค์สิ่งที่คล้ายภาพถ่ายครอบครัว แต่ไม่ใช่ภาพถ่ายของครอบครัวโดยแท้จริงนั้นมีคุณค่ามากพอหรือไม่ หากมันถูกสอดไส้ด้วยข้อมูลต่าง ๆ ในระบบปัญญาประดิษฐ์? และการสร้างภาพถ่ายจากปัญญาประดิษฐ์ โดยอิงจากเหตุการณ์จริงที่เคยเกิดขึ้นนั้นส่งผลให้เกิดความสั่นคลอนต่อความจริงที่ถูกเล่าผ่านผลงานนั้น ๆ หรือไม่?ร่วมสำรวจและตั้งคำถามถึงความจริงที่ถูกบอกเล่าผ่านภาพถ่ายได้ในนิทรรศการ “Photography Never Lies” ตั้งแต่วันนี้ - 8 กันยายน 2567 ณ ห้องนิทรรศการหลัก ชั้น 7 หอศิลปกรุงเทพฯ,Art & Design
SALLY & SALLY 2nd Solo Exhibition,พบกับนิทรรศการประจำเดือนมิถุนายน นิทรรศการ “SALLY & SALLY” 2nd Solo Exhibition ของคุณ สา สาลินี รัตนชัยสิทธิ์ นิทรรศการศิลปะ ที่จะพาคุณย้อนกลับไปพูดคุยกับตัวคุณเอง เราอาจไม่ได้อยู่คนเดียวบนโลกใบนี้ เพราะเรายังมีตัวเราเป็นเพื่อน ร่วมเพลิดเพลิน ปล่อยใจ และพูดคุยกับเสียงกระซิบของใครอีกคน ที่ใช้หัวใจดวงเดียวกับเรา เปิดนิทรรศการ วันที่ 6 มิถุนายน 2567 เวลา 17.00 น. เป็นต้นไป,Art & Design
THAI POP ART,นิทรรศการศิลปะเดี่ยวครั้งแรกของ The Flow ศิลปินไทยป็อป จัดแสดงผลงานจิตรกรรมชุดล่าสุด ที่มีกลิ่นอายแบบงานพาณิชย์ศิลป์ ในบริบทเรื่องราวของสังคมไทย ด้วยสไตล์สนุกสนาน หยอกล้อ ขำขัน,Art & Design
Y2K,นิทรรศการแสดงผลงานเดี่ยวครั้งที่ 8 ของ Dr.RED หรือ กฤษฎางค์ อินทะสอน ศิลปินรุ่นใหม่ผู้สร้างสรรค์ผลงาน Gay art ที่กลับมาคราวนี้ พร้อมกับผลงานชุดใหม่ที่มีแนวทางการสร้างสรรค์แบบ Pop art อย่างชัดเจน ด้วยการนำอัตลักษณ์ สีสัน ของการ์ตูนญี่ปุ่นแบบมังงะ - อนิเมะ (Manga - Anime) ในยุคปลาย 90 - 2000 ต้นๆ มาแสดงออกถึงแรงบันดาลใจและแนวความคิดจนรังสรรค์ออกมาเป็นผลงานชุด Y2K ในนิทรรศการครั้งนี้,Art & Design
Endless nightmare,"นิทรรศการนำเสนอมมุมมองของศิลปินที่มีต่อ ""ความฝัน"" โดย นภดนัย นวมะชิติ - สมองของมนุษย์มักเชื่อมโยงสิ่งต่างๆที่พบเจอในชีวิตประจำวันเข้าไปเก็บไว้ในจิตใต้สำนึก ในขณะที่เราหลับฝันนั้นอาจเปรียบเสมือนการปลดปล่อยจิตวิญญาณให้เป็นอิสระจากความกดดันที่มาจากสภาวะความเป็นจริงภายนอกและเป็นการปลดปล่อยความรู้สึกภายในจิตใจจากโซ่ตรวนของภาระ และประสบการณ์ดี หรือร้ายที่ได้พบเจอในชีวิตประจำวัน",Art & Design
CREATIVE TALK CONFERENCE 2024,"นับถอยหลังแล้วมาเจอกัน! ที่ AP Thailand presents CREATIVE TALK CONFERENCE 2024 จัดเต็มทั้งสปีคเกอร์ และหัวข้อ ทุกเนื้อหาที่ได้ Curate ร่วมกับทางสปีคเกอร์ไปนั้นเข้มข้นมาก ๆ จนไม่อยากคุณพลาดแม้แต่เซสชันเดียวใครยังไม่มีบัตร ซื้อด่วน! เพราะบัตรใกล้จะ SOLD OUT แล้ว สามารถซื้อบัตรได้ที่: https://bit.ly/3UM5Vv8 ราคาเพียง 1,890 บาท (ไม่รวม vat7%)",Business
NaSatta Light Festival Winter Illumination 2025,"งานแสดงไฟฝีมือคนไทยที่คนต่างชาติยังต้องตะลึงกลับมาแล้ว งานแสดงไฟ Nasatta Light Festival ครั้งที่ 6 Winter Illumination ที่ ณ สัทธา อุทยานไทย จังหวัดราชบุรีโครงการ ณ สัทธา อุทยานไทย ร่วมกับ การท่องเที่ยวแห่งประเทศไทย, บริษัท Signify จำกัด, BSG Glass และ บริษัท ศิริเลิศ คอร์ปอเรชั่น จำกัด ของแจ้งการกลับมาเป็นปีที่ 6 ของงานแสดงไฟกลางแจ้งสุดอลังการของประเทศไทย งานแสดงไฟประจำปี Nasatta Light Festival Winter Illumination 2024 เนรมิตสวนป่าด้วยเทคโนโลยีและเทคนิคการออกแบบแสงไฟ ผสมผสานกับศิลปะสถาปัตยกรรมไทย โดยทีมงานไลท์ติ้งดีไซน์เนอร์, วิศวกร, โปรแกรมเมอร์, สถาปัตย์ และศิลปิน มืออาชีพที่ตั้งใจรังสรรค์ งานแสดงไฟ แต่ละจุดให้ความสวยงามมีเอกลักษณ์ที่ไม่เหมือนที่ไหนในโลก พิเศษในปีนี้เรามีกิจกรรมลอยกระทงตลอดทั้งงาน มาลอยกระทงรักษ์โลกที่ดีไซน์มาเป็นพิเศษเพื่อให้นักท่องเที่ยวทั้งไทยและเทศได้สัมผัสอีกมิติของวัฒนธรรมลอยกระทงที่แปลกใหม่ เตรียมตัวให้พร้อมแล้วมาไปแต่งชุดไทยเดินเที่ยวงานกัน",Art & Design
SPACE JOURNEY BANGKOK,"ชวนคนไทยเปิดประสบการณ์สุดยิ่งใหญ่ ครั้งแรกของเอเชียกับ “SPACE JOURNEY BANGKOK” สุดยอดนิทรรศการด้านอวกาศระดับโลก โดยได้รับความร่วมมือจากหน่วยงานที่เกี่ยวข้องทั้งภาครัฐและเอกชนหลายหน่วยงานมาร่วมสร้างแรงบันดาลใจในการพัฒนาเทคโนโลยีด้านอวกาศของไทยในอนาคตไม่ว่าจะเป็นเครืออมรินทร์ กรุ๊ป GISTDA NARIT NSM BTS MAJOR เป็นต้นโดยท่านจะได้พบกับ 10 ห้องนิทรรศการเสมือนจริงเกี่ยวกับอดีต ปัจจุบัน และอนาคตของการสำรวจอวกาศ ห้องรวบรวมชิ้นส่วนยานอวกาศที่ผ่านการใช้จริง ๆ มาแล้ว และแบบจำลองที่หาชมยากกว่า 600 ชิ้น จากสหรัฐอเมริกา สหภาพโซเวียต และอื่น ๆ มาจัดแสดงในรูปแบบต่าง ๆ ชมภาพยนตร์ 3 มิติ โซนโลกจักรวาลแบบ Interactive รวมถึงไจโรสโคป และที่ขาดไม่ได้คือพัฒนาการของการสำรวจอวกาศตั้งแต่เริ่มแรกจนถึงปัจจุบัน และแผนการในอนาคต โดยเป็นการให้ความรู้ความเข้าใจเกี่ยวกับอดีต ปัจจุบัน และอนาคตของการสำรวจด้านอวกาศโดยไฮไลต์ที่น่าสนใจสำหรับนิทรรศการในครั้งนี้ คือชิ้นส่วนประกอบดั้งเดิมของเครื่องยนต์ F1 ของกระสวยอวกาศ แซทเทิร์น V (Saturn V) ที่กอบกู้มาจากก้นมหาสมุทรแปซิฟิก โดย Jeff Besos เจ้าของ Amazon ซึ่งเป็นวัตถุที่มีคุณภาพสูง จะเห็นได้ว่าตัววัตถุนี้เองยังสามารถคงรูปร่างได้ดี แม้จะอยู่ในที่ที่อุณหภูมิต่ำในมหาสมุทร หรือผ่านจุดที่อุณหภูมิสูงใกล้จุดหลอมเหลวมาแล้วก็ตามแผงควบคุมต้นฉบับจากศูนย์บัญชาการภารกิจฮูสตัน ที่วิศวกรได้ใช้สื่อสารกับนักบินอวกาศในภารกิจ Apollo และกระสวยอวกาศชุดแรกๆ และที่น่าสนใจคือกระดาษที่มีการคำนวณเส้นทางการบินต่างๆ ที่เหล่าวิศวกรได้คำนวนด้วยมือวางไว้อยู่ด้านข้างแบบจำลอง 1:1 ของโมดูลควบคุมยาน Apollo โมเดลนี้ได้ติดตั้งอุปกรณ์ควบคุมตามยุคสมัยตลอดระยะเวลาการบิน ซึ่งนักบินอวกาศต้องอยู่ในพื้นที่แคบที่ต้องแบ่งปันพื้นที่กับวัสดุที่เก็บมาด้วย เช่น ชิ้นส่วนหินจากดวงจันทร์แบบจำลองรถสำรวจดาวอังคาร หุ่นยนต์ที่ทำงานหนักที่สุดนอกโลกจากเดิมมีแผนทำงาน 90 วันแต่สุดท้ายทำงานถึง 5,498 วันแบบจำลองของยานสำรวจดวงจันทร์ ช่วยนักบินอวกาศไม่ต้องเดินเท้าในภารกิจ Apollo 15, 16 และ 17รถสำรวจดวงจันทร์ Lunokhod ของรัสเซีย ส่งขึ้นไปแทนมนุษย์บนยาน Luna ผ่านการควบคุมจากศูนย์ควบคุมภาคพื้นดิน Collection ของอุกกาบาต รวมหินจากดาวอังคารของสะสมที่มีเอกลักษณ์มูลค่าต่อกรัมสูงกว่าทองคำ",Art & Design
ไชน่าทาวน์มาร์เก็ตเฉลิมบุรี,ไชน่าทาวน์มาร์เก็ตเฉลิมบุรี จุดเช็คอินแห่งใหม่ใจกลางเยาวราช ที่สายกินไม่ควรพลาด! หากใครกำลังมองหาของอร่อยแห่งใหม่ทั้งจากในเยาวราชและที่อื่นๆ รวมไว้ในที่เดียว เปิดให้ชอปและชิมกันตั้งแต่สี่โมงเย็นยาวไปจนถึงเที่ยงคืนข้าวต้มกระดูกหมูเฉลิมบุรีบ้านป้าหนู ร้านเด็ดจากบางปะกง เฮงดีหูฉลาม พร้อมเสิร์ฟหลากหลายเมนูคาวหวาน กะเพาะปลาและรังนกการ่าลูกชิ้นปั้นสดข้าวต้มแปลงนามลอดช่องสิงคโปร์ (สิงคโปร์โภชณา)ข้าวเหนียวมะม่วงเจ๊กีSweet time ของหวานฉ่ำใจฮ่องกงซิง่วนฮะขนมเปี๊ยะจับใจ พร้อมเสิร์ฟเครื่องดื่มดับร้อนชื่นใจ,Food & Drink
เปื้อนยิ้ม แพร่จัดวาง,"เปื้อนยิ้ม แพร่จัดวาง (PueanYimPhrae,Art Movement) นิทรรศการศิลปะจัดวาง ตามแหล่งต่าง ๆ 16 จุด ทั่วจังหวัดแพร่ ในแนวคิด “เปลี่ยน” ชวนกันไปหาความหมายของแต่ละสถานที่ ระหว่างวันที่ 29 ธันวาคม 2567 - 20 เมษายน 2568 เริ่มเปิดนิทรรศการ ที่ งานเนิบเนิบมาร์เก็ต (Homelynest ข้างสำนักงานปศุสัตว์แพร่) วันที่ 29, 30, 31 ธันวาคมนี้ มีคราฟท์และกิจกรรมให้ทุกท่านได้ร่วมสนุกกัน",Art & Design
The Little Prince Universe - An Immersive Journe,"ครั้งแรกในประเทศไทยกับนิทรรศการการแสดงเรื่องราวของ “The Little Prince” หรือ “เจ้าชายน้อย” สุดยอดวรรณกรรมที่คนทั้งโลกหลงรัก ในงาน “The Little Prince Universe - An Immersive Journey” โดยครั้งนี้เจ้าชายน้อยได้เดินทางมามอบประสบการณ์ที่เปี่ยมไปด้วยแรงบันดาลใจในรูปแบบ Digital Interactive ให้ทุกท่านชมงานศิลปะอันงดงามที่เต็มไปด้วยความสนุกสนาน พร้อมรับแรงบันดาลใจในแบบที่ทุกคนสามารถสัมผัสได้ ครอบคลุมพื้นที่กว่า 2,000 ตารางเมตร ณ Attraction Hall ชั้น 6 ศูนย์การค้าไอคอนสยาม ตั้งแต่วันที่ 20 มกราคม 2568 ถึงวันที่ 11 พฤษภาคม 2568“The Little Prince” หรือ ""เจ้าชายน้อย"" เรื่องราวอันงดงามเกี่ยวกับชีวิต ความรัก และมิตรภาพ ผลงานการประพันธ์ของ “อ็องตวน เดอ แซ็งแตกซูว์เปรี” (Antoine de Saint-Exupéry) นักเขียนและนักบินชาวฝรั่งเศส ซึ่งกลายเป็นวรรณกรรมระดับโลกที่ก้าวข้ามกาลเวลาและผสมผสานอยู่ในทุกวัฒนธรรมอย่างแท้จริง ด้วยยอดขายกว่า 800 ล้านเล่มทั่วโลกและถูกแปลไปแล้วมากกว่า 600 ภาษา ทำให้วรรณกรรมชิ้นนี้ถูกจัดเป็นวรรณกรรมคลาสสิคสำหรับเยาวชนที่ทั่วโลกยกย่องว่าเป็นผลงานที่มีความเปล่งประกายที่สุดเรื่องหนึ่งสำหรับนิทรรศการในครั้งนี้ถูกนำมาจัดแสดงในรูปแบบเสมือนจริง (Immersive) อย่างเต็มรูปแบบเป็นครั้งแรก เพื่อสร้างประสบการณ์ที่จะทำให้ทุกท่านรู้สึกได้รับแรงบันดาลใจ ปลุกความเป็นเด็กในตัวเอง และเชิญชวนให้ทุกคนมองโลกผ่านเลนส์ที่สวยงาม ดังที่ “อ็องตวน เดอ แซ็งแตกซูว์เปรี” ได้กล่าวไว้ว่า “ผู้ใหญ่ทุกคนล้วนเคยเป็นเด็กมาก่อน แต่มีเพียงไม่กี่คนที่จำได้”ประสบการณ์ครั้งสำคัญที่เจ้าชายน้อยเลิฟเวอร์และซูเปอร์แฟนทั้งชาวไทยและนักท่องเที่ยวทั่วโลกไม่ควรพลาด! สร้างสรรค์โดย MAD MOTION Studio จัดเต็มทั้งความสวยงาม สนุกสนาน สร้างแรงบันดาลใจและให้ความประทับใจไม่รู้ลืมได้ทั้งเด็กและผู้ใหญ่ ผู้ที่สนใจสามารถซื้อตั๋วเข้าชมได้ที่บริเวณจุดจำหน่ายบัตรชั้น 6 ศูนย์การค้าไอคอนสยาม ตั้งแต่วันที่ 20 มกราคม 2568 จนถึงวันที่ 11 พฤษภาคม 2568",Art & Design
DINOLAB BANGKOK 2025 Jurassic Domination,"DINOLAB BANGKOK 2025 Jurassic Domination เตรียมตัวให้พร้อมกับนิทรรศการ Interactive สุดอลังการจากโลกล้านปี “DINOLAB BANGKOK 2025 Jurassic Domination” ที่จะพาคุณย้อนเวลาไปยุคจูราสสิคที่ ICONSIAM การันตีความสำเร็จด้วยผลตอบรับจากผู้เข้าร่วมงานกว่า 150,000 คน จากประเทศไต้หวันนิทรรศการชั้นนำสร้างสรรค์โดยทีมงาน INCEPTION ทีมสร้างสรรค์นิทรรศการแนวหน้าของโลก โดยตัวนิทรรศการ DINOLAB คว้ารางวัล A' Design Award 2018 - Gold Award in Interior Space and Exhibition Design, International Design Awards (IDA) 2018 - Honorable Mention, GOOD DESIGN AWARD 2018 - Special Exhibition และ Golden Pin Design Award 2018 - Design Markในพื้นที่นิทรรศการประกอบด้วยหลากหลายโซน พร้อมกิจกรรมมากมายที่คนรักไดโนเสาร์จะต้องตะลึง! แฟนพันธุ์แท้ไดโนเสาร์ต้องห้ามพลาด! ไฮไลท์กิจกรรมพิเศษตื่นเต้นกับการขึ้นรถไฟจำลอง (Dino train Ride Experience) ผ่านห้องทดลองที่ถูกทำลาย และพบร่องรอยของไดโนเสาร์ตื่นตาตื่นใจกับ Dinosaur Exhibition หุ่นไดโนเสาร์ขนาดใหญ่สุดอลังการDinosaur Riding ขึ้นนั่งบนไดโนเสาร์ขนาดใหญ่สมจริงที่เป็นมิตร ที่ให้คุณใกล้ชิดไดโนเสาร์ที่สุดเท่าที่เคยมีสัมผัสลูกไดโนเสาร์จำลองเสมือนจริง กับกิจกรรมฟักไข่ลูกไดโนเสาร์ และเพลิดเพลินไปกับการเรียนรู้เกี่ยวกับการดูแลลูกไดโนเสาร์ขุดฟอสซิลจำลอง (Fossil Digging Area) ค้นหาฟอสซิลไดโนเสาร์และไขปริศนาโบราณที่ซ่อนอยู่ ",Others
Buddy For All,Pride Month นี้ พบกับ Event ครั้งใหญ่แห่งปี “Buddy For All” Event ที่ส่งเสริมให้คนรุ่นใหม่หันมาสนใจและให้ความสำคัญกับการเข้าใจในตนเอง (Self-Awareness) พร้อมกับการมีสุขภาพจิตที่ดี ภายใต้ Concept #Allmoods #Allgenders และ #Allgenerationsภายในงานมีกิจกรรมมากมาย ไม่ว่าจะเป็น…Workshop ทำกิจกรรมจากหลากหลายหน่วยงานTalk Session พูดคุยเกี่ยวกับTopic Mental Health and TechnologyMini Concert จากน้องๆมัธยมหลากหลายวงRandom Dance พื้นที่ให้ทุกคนได้มาปลดปล่อยความสนุก Self-Celebration Booth จาก BuddyThai และ Dollop ร่วมถ่ายPhotobooth ที่มาในธีมConfetti สีสายรุ้ง เพื่อเฉลิมฉลองความเป็นตัวของตัวเองและพิเศษสุดๆ สำหรับ Loveis cafe เพียงแค่คุณแต่งตัวในธีม สีรุ้ง ก็สามารถรับส่วนลดได้ที่หน้าร้านทันที ถึง 15 บาท/ต่อแก้ว กิจกรรมดี ๆ มากมายขนาดนี้ห้ามพลาด งานนี้ฟรี ไม่มีค่าใช้จ่าย! แล้วพบกัน,Others
Blood Sweat Tears and Ink: Back to the Comics,"ริเวอร์ ซิตี้ แบงค็อก ภูมิใจนำเสนอ “Blood Sweat Tears and Ink: Back to the Comics” นิทรรศการที่นำเสนอเรื่องราวการเดินทางของนักเขียนการ์ตูนมากฝีมือทั้ง 4 นั่นคือ ไตรภัค สุภวัฒนาม, อภิสิทธิ์ หมื่นนาค, สุทธิชาติ ศราภัยวานิช และ ทรงวิทย์ สี่กิติกุล ศิลปินผู้ที่ถึงแม้จะแลกต้องหยาดเหงื่อ นํ้าตา และทุ่มเทชีวิตด้วยเลือดเนื้อสู่หยดหมึกบนหน้าหนังสือตลอดระยะเวลาการเดินทางบนเส้นทางการเป็นศิลปิน แต่ศิลปินทั้ง 4 คน ก็ยังคงมุ่งมั่นสร้างสรรค์ผลงานอย่างต่อเนื่องและยืนหยัดในวงการมาจนถึงปัจจุบัน‘จิรัชญานันทน์ ผลัดรื่น’ คิวเรเตอร์มากความสามารถผู้หลงใหลในเสน่ห์ของการ์ตูนตั้งแต่เด็ก ๆ ทั้งพล็อตเรื่องอันชวนติดตาม ตัวละครที่เข้าถึงได้ง่าย อีกทั้งลายเส้นอันมีเอกลักษณ์ของศิลปิน ได้สั่งสมความประทับใจเหล่านั้นที่มีตั้งแต่วัยเด็กจนถึงปัจจุบันมาถ่ายทอดออกเป็นผลงานในนิทรรศการของเธอผ่านการชักชวนนักวาดการ์ตูนที่ยังอยู่ในความทรงจำตลอดมาแล้วพบกับ ""Blood Sweat Tears and Ink: Back to the Comics"" เปิดให้เข้าชมตั้งแต่วันที่ 8 - 30 มิถุนายน 2567 ที่ RCB Artery ชั้น 1 ริเวอร์ ซิตี้ แบงค็อก",Art & Design
Decentralized Thainess : สลายศูนย์,"“ความเป็นไทยคืออะไร?” เป็นคำถามที่เกิดขึ้นเมื่อผู้ชมตั้งคำถามถึง “ความไม่เป็นไทย” ในผลงานภาพถ่ายของ โศภิรัตน์ ม่วงคำ ช่างภาพนู้ดหญิงชาวไทย ถึงแม้เธอจะเกิดในครอบครัวที่ค่อนข้างมีความเป็นอนุรักษ์นิยมสูง และถูกเลี้ยงดูในกรอบของขนบธรรมเนียมประเพณีไทยอันดีงาม แต่ด้วยธรรมชาติส่วนตนที่เป็นคนชอบคิด ชอบตั้งคำถาม เสาะหาเหตุผลถึงสิ่งรอบตัว แต่ไม่สามารถแสดงออกด้วยอยู่ภายใต้กฎเกณฑ์ของครอบครัวและ “ความเป็นลูกที่ดี"" ที่กดบ่าเธอไว้ให้อยู่ภายใต้สัมภาระแห่งความเป็นไทย (ที่ถูกที่ควร) จนกระทั่งเธอมีโอกาสไปร่ำเรียนในต่างประเทศ และสัมผัสกับสังคม วัฒนธรรม และวิถีชีวิตที่เปิดกว้าง เต็มเปี่ยมไปด้วยเสรีภาพทางความคิดและการแสดงออก สัมภาระที่ว่านั้นจึงค่อยๆ คลี่คลายและถูกปลดออกไปจากจิตใจเธอในที่สุด แต่ถึงกระนั้น เมื่อเดินทางกลับมาอาศัยและทำงานในเมืองไทย คำถามที่ว่านี้ก็ยังคงค้างคาและฝังลึกอยู่ในหัวเธอตลอดมา และถูกกระตุ้นให้ปะทุขึ้นมาอีกครั้งกับคำถามถึงความไม่เป็นไทยในผลงานของเธอ เหตุการณ์นี้ทำให้โศภิรัตน์หวนกลับมาค้นหาคำตอบเกี่ยวกับความเป็นไทยอีกครั้ง เธอตั้งข้อสงสัยว่า ความเป็นไทยที่แท้ นั้นเกิดจากอะไรกันแน่? เพราะภายในประเทศหนึ่ง ที่มีพื้นที่กว้างใหญ่ไพศาลหลายแสนตารางกิโลเมตร เต็มไปด้วยความหลากหลายทางภูมิศาสตร์ ภูมิอากาศ มีประชากรมากมายหลายสิบล้านคน ผู้มีความเป็นปัจเจกชน มิใช่หุ่นยนต์ที่ถูกผลิตซ้ำจากระบบอุตสาหกรรม ย่อมต้องเต็มไปด้วยความแตกต่างหลากหลายของบุคลิก ความรู้สึกนึกคิด วิถีชีวิต ความเป็นอยู่ วัฒนธรรม ไปจนถึงเพศสภาพ เพศภาวะ และเพศวิถี เราจะสรุปรวมความเป็นตัวตนของชนชาติหนึ่งด้วยคุณลักษณะไม่กี่ประการได้ด้วยหรือ?สิ่งนี้ทำให้เธอตั้งคำถามว่า แท้จริงแล้ว ความเป็นไทย ที่แท้จริงอาจไม่มีอยู่จริง หากแต่เป็นกรอบความคิด หรืออันที่จริง มายาคติ (Mythology) ที่ภาครัฐประกอบสร้างขึ้นเพื่อสนับสนุนการใช้โครงสร้างการปกครองแบบรวมศูนย์อำนาจไว้ที่ส่วนกลาง (Centralization) เพื่อความสะดวกในการบริหารประเทศ ถึงแม้โครงสร้างการปกครองเช่นนี้จะมีส่วนในการสร้างความเป็นเอกภาพของชาติ แต่ในขณะเดียวกันก็มีส่วนในการลดทอนหรือแม้แต่ทำลายความหลากหลาย ทั้งทางเชื้อชาติ ภาษา วัฒนธรรม ประเพณี ภูมิปัญญา ประวัติศาสตร์ วิถีชีวิต หรือแม้แต่ความเชื่อและศาสนา ด้วยการคัดทิ้ง กีดกัน หยามเหยียด และแปลกแยกผู้คนที่แตกต่างจากความเป็นศูนย์กลางให้กลายเป็นอื่น ไม่ใช่ความเป็นไทยอันดีงาม หรือ ความเป็นไทยอันเที่ยงแท้แต่โบราณ ตามที่ภาครัฐนิยามไว้ ทั้งที่ในภูมิภาคอื่นๆ หลายภูมิภาคจะมีประวัติศาสตร์ ความเป็นมา หรือแม้อารยธรรมเก่าแก่กว่าภาคกลางหลายเท่าด้วยซ้ำไปตัวอย่างที่เห็นได้อย่างชัดเจนคือ ภาษา ที่นับวันคนรุ่นใหม่ในแต่ละภูมิภาค จะสามารถพูดภาษาท้องถิ่นของตัวเองได้น้อยลงเรื่อยๆ จากการศึกษาภาคบังคับที่ใช้หนังสือตำราแบบเรียนเล่มเดียวกัน การเรียนการสอนแบบเดียวกัน ตามที่ภาครัฐกำหนด นับเป็นความสูญสลายในความหลากหลายทางภาษาและภูมิปัญญาทางวัฒนธรรมอย่างน่าใจหายยิ่งด้วยความสงสัยที่ว่านี้นี่เอง ทำให้โศภิรัตน์ตัดสินใจเดินทางไปเยือนหลายภูมิภาคของประเทศไทย เพื่อสำรวจอัตลักษณ์ ตัวตน ความรู้สึกนึกคิด วิถีชีวิต ความเชื่อ และความศรัทธา ของผู้คนในแต่ละภูมิภาค ที่ถูกบดบังอยู่ภายใต้มายาคติของรัฐรวมศูนย์ไม่ว่าจะเป็นภาคเหนือที่ถูกเหมารวมว่ามีอุปนิสัยเหนียมอาย ไม่กล้าแสดงออก และไร้ความทะเยอทะยาน หรือภาคอีสานที่ถูกเหยียดหยามว่ายากจน และด้อยพัฒนา และภาคใต้ที่ถูกตัดสินว่าเต็มไปด้วยความรุนแรง และท้ายที่สุด ภาคกลาง โดยเฉพาะอย่างยิ่งเมืองหลวงอย่างกรุงเทพฯ ที่ยกตัวเองให้เป็นศูนย์กลางความเจริญของประเทศในการเดินทางไปเยือนภูมิภาคเหล่านี้ นอกจากจะเป็นการเรียนรู้ ทำความเข้าใจข้อเท็จจริงที่ถูกซ่อนเร้นอยู่ภายใต้มายาคติแห่งความเป็นไทยแล้ว โศภิรัตน์ยังใช้ภาพถ่ายนู้ดของเธอเป็นเสมือนหนึ่งเครื่องมือในการลบเลือนอคติ ปลดเปลื้องสัมภาระแห่งมายาคติที่กดทับบ่าของเธอและผู้คน และเปลือยเปล่าพันธนาการทางความคิด เพื่อ “สลายศูนย์” ของการรวมอำนาจ ที่เคยกีดขวางและทำลายความแตกต่างหลากหลาย เพื่อสร้างความเข้าใจแก่กันและกันของผู้คนในสังคมได้ในที่สุด",Art & Design
SarakadeexMunMun Artscape #1,"มูเต็มขั้น! อาร์ตเต็มพิกัด! ตื่นตาตื่นใจกับ “พิฆเนศวร” หรือ “กาเนชา” ชมงานศิลปะหลากหลายแขนง พบกับอาร์ตทอยพระคเณศหลากสไตล์ รวมพลเหล่าศิลปินผู้รังสรรค์กว่า 30 ชีวิต จากกลุ่มอาร์เตคลัภย์ (Arte Club) พร้อมบูทเครื่องประดับ เครื่องบูชา อาหาร ฯลฯ และร่วมสนุกกับกิจกรรมต่างๆ ภายในงานตลอดทั้งวันชมนิทรรศการภาพถ่ายพิธีคเณศจตุรถี และร่วมฟังทอล์กสนุกๆ คุยกันเพลินๆ บนเวทีกับวิทยากรที่คุณอยากพบตัวจริง ที่จะพาทุกคนไปรู้จักกับพระคเณศ และเบื้องหลังงานศิลปะที่พาเรา “เข้าใกล้” ท่านมากกว่าเดิมกิจกรรม Ganesha Workshop (รับจำนวนจำกัด) สอนแต่งองค์พระคเณศ, ศิลปะรังโกลี, ปักผ้าลายพระคเณศ, ระบายสีพระคเณศ ฯลฯ รับของแจกพิเศษประจำวัน Giveaway Activity : น้ำตาลปั้นพระคเณศ และเพนต์เฮนน่า
",Art & Design
The Magic Hat,"Pagoda the Art Club ภูมิใจนำเสนอ “The Magic Hat” นิทรรศการเดี่ยวครั้งล่าสุดของ Jang Onanong (อรอนงค์ แก้วสมบูรณ์) ที่จะพาคุณออกเดินทางไปค้นหาความสุขใกล้ตัวที่อาจดูเหมือนอยู่แสนไกลผลงานชุดนี้เป็นการนำคาแรคเตอร์เด็กผู้หญิงนัยน์ตาสดใสอันเป็นเอกลักษณ์ในผลงานของศิลปินมาผสมผสานเข้ากับตัวการ์ตูน ‘มิกกี้ เมาส์’ (Mickey Mouse) ซึ่งเป็นตัวการ์ตูนที่ศิลปินรู้สึกผูกพันเป็นพิเศษตั้งแต่ยังเด็ก ๆ อีกทั้งยังเป็นตัวการ์ตูนที่ทุกคนรู้จัก คุ้นเคย และต่างเคยได้รับความสุขจากตัวการ์ตูนนี้มาแล้วทั่วทั้งโลก โดยเธอได้นำเอกลักษณ์อันโดดเด่นอีกอย่างหนึ่งของ มิกกี้ เมาส์ ซึ่งคือหูกลมทั้งสองข้าง มาประยุกต์เป็น ‘หมวก’ ที่สามารถแทนสิ่งต่าง ๆ ที่เราซุกซ่อนไว้ในหัวใจหรือสิ่งที่ทำให้ทุกคนมีความสุขได้ในมุมเล็ก ๆ มุมหนึ่งของชีวิตในปัจจุบัน ทุกคนมีสื่ออยู่ในมือตลอดเวลาทำให้เราสามารถรับรู้ข่าวสารเรื่องราวต่างได้เหมือน ๆ กัน หากแต่มุมเล็ก ๆ ที่เรียกว่า “ความสุขส่วนตัว” ของแต่ละคนนั้นช่างแตกต่าง ไม่สามารถ ‘สัมผัส’ หรือ ‘มี’ เท่ากันได้ แต่ไม่ว่าความสุขนั้นจะมากมายหรือน้อยนิดเพียงใด เพียงแค่ทุกคนคอยรักษาทะนุถนอมมุมความสุขเล็ก ๆ ของตัวเองไว้ภายใต้หมวกจาก มิกกี้ เมาส์ ใบนี้ได้ ความสุขนั้นก็จะยังคงอยู่กับตัวเราเสมอแล้วพบกับ ""The Magic Hat"" เปิดให้เข้าชมฟรีตั้งแต่วันที่ 8 - 30 มิถุนายน 2567 ที่ห้อง 249 ชั้น 2 ริเวอร์ ซิตี้ แบงค็อก",Art & Design
นิทรรศการในหอศิลป์นครหาดใหญ่เฉลิมพระเกียรติฯ ประจำปีงบประมาณ 2567,โดยจัดแสดง ณ หอศิลป์นครหาดใหญ่เฉลิมพระเกียรติฯ สวนสาธารณะเทศบาลนครหาดใหญ่และขอเชิญผู้สนใจเข้าร่วมพิธีเปิดนิทรรศการในหอศิลป์นครหาดใหญ่ เฉลิมพระเกียรติฯในวันศุกร์ ที่ 7 มิถุนายน 2567 ตั้งแต่เวลา 16.00 น. เป็นต้นไปโดยมีกิจกรรมพิเศษ Workshop ทำกิ๊บและพวงกุญแจ สำหรับ เด็ก เยาวชน ที่สนใจ สามารถ walk-in เข้าร่วมกิจกรรมได้,Art & Design
TAMIYA GO TO JAPAN 2024,การแข่งขัน TAMIYA GO TO JAPAN 2024 การแข่งขันรถทามิย่าชิงแชมป์ประเทศไทยรอบคัดเลือก เพื่อหาตัวแทนประเทศไทยเข้าร่วมการแข่งขันรายการ TAMIYA MINI 4WD JAPAN CUP 2024 ที่ประเทศญี่ปุ่น การแข่งขันจะดุเดือดขนาดไหน ใครจะได้ไปแข่งขันที่ญี่ปุ่น มาร่วมเชียร์และให้กำลังใจผู้เข้าแข่งขันกันได้,Others
Harvest Day CONTEST THAILAND CHAMPIONSHIP 2024,"TPA ROBOT เกม วิถีข้าว วิถีไทย สู่วิถีสากล : Harvest Day CONTEST THAILAND CHAMPIONSHIP 2024 ชิงถ้วยพระราชทานสมเด็จพระกนิษฐาธิราชเจ้ากรมสมเด็จพระเทพรัตนราชสุดาฯ สยามบรมราชกุมารี พบกับ 3 ประเภทการแข่งขันการแข่งขันหุ่นยนต์ ส.ส.ท. ชิงแชมป์ประเทศไทย ประจำปี 2567เกม วิถีข้าว วิถีไทย สู่วิถีสากล: Harvest Dayการแข่งขันหุ่นยนต์ ส.ส.ท. PLC Competition ประจำปี 2567เกม Robo Energy Harvester: หุ่นยนต์เก็บเกี่ยวพลังงานการแข่งขันหุ่นยนต์ ส.ส.ท. - สพฐ ยุวชน ประจำปี 2567เกมการแข่งขัน Robo Rescue, เกมการแข่งขัน Robo Soccer",Technology
สัมมนาออนไลน์ ยกระดับวงการก่อสร้าง ด้วยแนวคิดวัสดุอัจฉริยะ,BCT Expo 2024 ยกระดับวงการก่อสร้าง กับงานสัมมนาออนไลน์ฟรี! ในหัวข้อ “ยกระดับวงการก่อสร้าง ด้วยแนวคิด “วัสดุอัจฉริยะ” อนาคตมาตรฐานอาคารสมัยใหม่” พบกับวิทยากรสุดเอ็กซ์คลูซีฟระดับอาจารย์และนักธุรกิจแถวหน้าของประเทศไทย!รศ.ดร.ต่อตระกูล ยมนาค – ประธานกรรมการ บริษัทวิศวกรที่ปรึกษาต่อตระกูล ยมนาคและคณะ จำกัด (TACE)ดร.ชโลธร โลทารักษ์พงศ์ – กรรมการผู้จัดการ บริษัทวีที อินโนเวทีฟ อะไลแอนซ์ จำกัดคุณธานินท์ ศรีเบญจรัตน์ – ที่ปรึกษากลุ่มวัสดุก่อสร้าง สภาอุตสาหกรรมแห่งประเทศไทย,Education
Splashtopia,เตรียมพบ สวนสนุกเป่าลมธีมน้ำขนาดใหญ่แห่งแรกของ Kiztopia! มาผจญภัยในธีมน้ำอย่างที่ไม่เคยมีมาก่อนที่ ‘Splashtopia’ พร้อมกิจกรรมสุดพิเศษ ปราสาทเด้งดึ๋งแบบเป่าลม สไลเดอร์ / ด่านสิ่งกีดขวางสุดดุเดือด เพลิดเพลินไปกับดินแดนมหัศจรรย์ทางน้ำครั้งแรกในเชียงใหม่,Others
Supersports Football Fan Fest 2024,ซูเปอร์สปอร์ตเปิดมหกรรมสุดยิ่งใหญ่กับงานฟุตบอลระดับโลก Supersports Football Fan Fest 2024 พบกับกิจกรรมสุดพิเศษ และของรางวัลมากมาย ทุกวัน!!!พร้อมเปิดประสบการณ์สุดพิเศษไปกับบรรดาของสะสมสุด Exclusive หาชมได้ยาก ที่ใช้ในการแข่งขันจริงจากนักฟุตบอลระดับโลก ,Others
Pridemate Art House,Pride month ปีนี้ พวกเราทีมงานซิลูเอท ตั้งใจนำเสนอความรักและความหลากหลายผ่านศิลปะ โดยหวังที่จะสร้างความเข้าใจและความฝันในทุกๆเรื่องราว ให้เกิดขึ้นจริงในบ้านที่อบอุ่นหลังนี้“ศิลปะ” ทำให้ผู้คนได้เห็นถึงมุมมองใหม่ๆ และลองเปิดใจกับความหลากหลายได้เป็นอย่างดี ซึ่งในครั้งนี้ ซิลูเอทได้จัดนิทรรศการศิลปะ ที่รวบรวมผลงานของศิลปินทั้ง 7 ได้แก่ สุบรรณกริช ไกรคุ้ม / Lek_Lek / Sandier / ภาวิษา มีศรีนนท์ / เมืองทอง อิ่มทอง / Her. และ A.YA.YOI และยังมีแขกรับเชิญสุดพิเศษอย่าง Mryyh Sog Blooms นักออกแบบดอกไม้ ซึ่งในครั้งนี้จะมาร่วมเป็นหนึ่งในศิลปิน ที่จะมาสร้างสรรค์ศิลปะการจัดวาง (Installation Art) เพื่อเพิ่มความพิเศษให้กับพื้นที่แห่งนี้ภายในงานยังมีกิจกรรมที่น่าสนใจอย่าง Art workshop ไม่ว่าจะเป็น ปั้นดินเซรามิค / ระบายสีบนผ้าใบ / การทำภาพพิมพ์ / ระบายสีรองเท้า หรือจะวาดภาพบนเค้ก จาก The Wedding cake Thailand ที่ผู้เข้าร่วมงานสามารถชวนคนรัก เพื่อน ครอบครัว มาสร้างช่วงเวลาดีๆร่วมกัน รวมไปถึงร้านค้า Art & Craft ที่มีความเป็นเอกลักษณ์ และร้านอาหาร ให้ได้กิน ชิม ชอป กันอีกด้วยส่วนของโชว์ในงาน ซิลูเอทก็จัดให้ครบทั้ง แสง สี และการแสดงมากมาย ไม่ว่าจะเป็นมินิคอนเสิร์ตจาก Pure The voice หรือจะฟังดนตรีเพลินๆไปกับ Piccoloe.s และ Sax Societyแต่ขบวนของสีสันยังไม่จบเพียงเท่านี้ เรามีโชว์สุดพิเศษจาก F.Shy & Bab / peppae และ Lucy Bull จากสมาคมฟ้าสีรุ้ง รวมไปถึง Performance Art จาก Modi Edge และกิจกรรม Art Talk โดย A Thing that is pieces ที่จะมาเล่าเรื่องราวความรักต่อสิ่งแวดล้อม ในหัวข้อ“ชิ้นส่วนพิเศษ”จากขยะพลาสติกสู่งานศิลปะที่ทั้งดีต่อโลกและดีต่อใจมาร่วมสร้างความรักและความหลากหลายผ่านศิลปะไปด้วยกันที่งาน Pridemate Art Hous,Art & Design
เต้นรำครั้งสุดท้าย,เต้นรำครั้งสุดท้ายTHE YERS FAREWELL CONCERTทุกบทเพลงจะถูกบรรเลง...เป็นครั้งสุดท้ายคอนเสิร์ตใหญ่อำลาวง THE YERS หลังจากประกาศยุบวงไปเมื่อเดือน พฤษภาคม 2566 ที่ผ่านมา คอนเสิร์ตครั้งนี้จึงมากกว่าแค่คอนเสิร์ตธรรมดาที่จัดขึ้นเพื่อความบันเทิงของแฟนเพลงอย่างทุกครั้งที่ผ่านมา แต่นี่คือคอนเสิร์ตเพื่อการบอกรักและบอกลาแฟนเพลงของ THE YERS ที่สนับสนุนวงมาตลอด 14 ปี ด้วยการเล่นเพลงทุกเพลงในชีวิตของ THE YERS ซึ่งมีมากกว่า 40 เพลง จากทุกอัลบั้มและทุกซิงเกิล เพื่อแฟนเพลงได้มีโอกาสซึมซับทุกความรู้สึกจากบทเพลงเหล่านั้น และสร้างความทรงจำร่วมกันเป็นครั้งสุดท้ายแฟนเพลงหลายต่อหลายคนรอคอยให้วงมีคอนเสิร์ตใหญ่สักครั้ง วันนี้ถึงเวลาที่ทุกคนรอคอย และเป็นโอกาสสุดท้ายที่จะได้ชมคอนเสิร์ตใหญ่เต็มรูปแบบจาก THE YERS ในชื่อว่าเต้นรำครั้งสุดท้าย THE YERS FAREWELL CONCERT ทุกบทเพลงจะถูกบรรเลง...เป็นครั้งสุดท้าย,Concert
เดอะ เมจิก โมเมนต์ คอนเสิร์ต ตอน เดอะ พาวเวอร์ ออฟ เลิฟ คอนเสิร์ตเพลงรักพลังรัก,"อิ่มใจพร้อมส่งมอบความสุขไปกับ “The Magic Moment Concert ตอน The Power of Love คอนเสิร์ตเพลงรักพลังรักคอนเสิร์ตที่เตรียมสร้างโมเม้นท์สุดพิเศษให้กับทุกคน โดย อำพลฟูดส์ และเทพผดุงพรมะพร้าว ร่วมกับ คณะแพทยศาสตร์ศิริราชพยาบาล เสนอ The Magic Moment Concert ตอน “The Power of love คอนเสิร์ตเพลงรักพลังรัก” คอนเสิร์ตการกุศลที่ขนศิลปินคุณภาพมาขับขานบทเพลงให้ทุกคนได้อิ่มเอมไปทั้งใจ ไม่ว่าจะเป็น แต๋ม-ชรัส, ก้อง-สหรัถ, เบน-ชลาทิศ, บอย- อนุวัฒน์, ป๊อบ-ปองกูล, ทอม-อิศรา, ลุลา-กันยารัตน์ และ อลิศ-ธนัชศลักษณ์ เสียงเพราะๆ ของพวกเขาจะประสานไปกับเสียงดนตรีในรูปแบบพ็อพออร์เคสตร้า ที่กำกับดนตรีโดย แต๋ง-ภูษิต ไล้ทอง ไม่ใช่เพียงความไพเราะของเสียงเพลงและดนตรีเท่านั้นที่มาสร้างความพิเศษให้ทุกคน เพราะรายได้ทั้งหมดโดยไม่หักค่าใช้จ่าย มอบแก่ ศูนย์บริรักษ์โรงพยาบาลศิริราช เพื่อช่วยเหลือผู้ป่วยระยะสุดท้าย  และศูนย์การแพทย์กาญจนาภิเษก (ศิริราช-กาญจนา) เพื่อสร้างอาคารหอผู้ป่วยใน",Concert
งานแสดงสินค้า เทคโนโลยีการพิมพ์และวัสดุการพิมพ์ ป้ายโฆษณา ครั้งที่ 11,"ก้าวเข้าสู่ปีที่ 11 ไปพร้อมกันกับ “Printtech & Signage Expo ” งานแสดงเทคโนโลยีการพิมพ์ วัสดุการพิมพ์และป้ายโฆษณาใหญ่ที่สุดในประเทศไทย ภายใต้แนวคิด "" ยกกำลังงานพิมพ์ : “Printtech PowerUp ""ที่รวบรวมนวัตกรรมผลิตภัณฑ์และบริการด้านการออกแบบงานพิมพ์และกลุ่มป้ายไว้ครบวงจรเสริมทัพด้วยกิจกรรมที่น่าสนใจตลอดการจัดงานทั้ง 4 วัน กิจกรรมสังสรรค์เพื่อต่อยอดโอกาสทางธุรกิจอาทิเช่น กลุ่มเครื่องพิมพ์อิงค์เจ็ท, กลุ่มเครื่องพิมพ์ดิจิตอล, เครื่องพิมพ์มัลติฟังค์ชั่น, เครื่องถ่ายเอกสารสี , และธุรกิจบริการงานพิมพ์ป้ายโฆษณา อุปกรณ์ก่อนและหลังงานพิมพ์ หลอดไฟแอลอีดีคุณภาพสูง สำหรับงานป้าย งานตกแต่ง งานออร์แกนไนซ์ และสินค้าพรี่เมี่ยมต่างๆ ที่ใช้ในสำนักงานมาอยู่รวมกันสัมผัสเทคโนโลยีใหม่พร้อมด้วยนวตกรรม ระบบซอฟต์แวร์ การทำกลยุทธ์ตลาด ออนไลน์ ข้อมูลข่าวสารอันทันสมัย ในยุค 5G. จากองค์กรต่างๆ ที่เข้าร่วมออกงานครั้งนี้รายละเอียดผู้ร่วมออกงาน Exhibition:1. กลุ่มเครื่องพิมพ์ อิงค์เจ็ท, ดิจิตอล, เครื่อง CNC, เครื่องพิมพ์สติกเกอร์ , เครื่องไดคัท , เครืองเคลือบงาน2. กลุ่มเครื่องพิมพ์ มัลติฟังก์ชั่น เครื่องถ่ายเอกสาร วัสดุอุปกรณ์ที่ใช้ในธุรกิจ ศูนย์ถ่ายเอกสาร3. กลุ่มหลอดไฟแอลอีดี และจอภาพแอลอีดี กล่องไฟ ไลท์บ๊อกซ์ ป้ายไซน์เน็ท4. โซน PackTech บรรจุภัณฑ์การพิมพ์ ,งานพิมพ์สกรีน, แพคเกจจิ้ง บรรจุภัณฑ์, สติกเกอร์",Technology
IMPACT X เชลล์ชวนชิม,จัดเต็ม 50 ร้านเด็ดสุดฟิน เสิร์ฟความอร่อยแนะนำว่าห้ามพลาดสักร้าน กับความอร่อยจาก 50 ร้านเด็ด การันตีความอร่อยโดยเชลล์ชวนชิม เมื่อ “อิมแพ็ค เมืองทองธานี” จัก๋วยเตี๋ยวหมูตำลึงนายแกละบมือ “เชลล์ชวนชิม” ยกเมนูดัง เมนูเด็ด มาเสิร์ฟคุณแบบจัดเต็มตัวอย่างร้านเด็ดภายในงาน ได้แก่จึงอังลักเต้าหู้ทอดสวัสดี แม่โอเล่ร้านเจ๊กใหม่จรินทร์หนองมนร้านห้อยจ๊อปูแม่วรรณาเหลียงไอติมกะทิสดข้าวต้มปลาเล็กหงษ์ไก่ย่างบางตาลผู้ใหญ่วร / เอ็กซ์ไก่ย่าร้านโกวเล็กสุกี้ ศาลายางบางตาลกุยช่ายไฮโซร้าน Sooo guichaiร้านโตเป็ดย่างร้านวรรัตน์ ซาลาเปาเบตงร้านตี๋เล็ก ข้าวผัดปูก๋วยเตี๋ยวไก่ฉีกปร้านคูณดั๊กลาบเป็ดหนองแดอุดรลาหมึกอึ๊งค์กี่ emilyปลาหมึกอึ้งกี่Ifrymร้านจิตสดชื่น กาญจนบุรีuekลูกชิ้นโกฮับ เมืองทอง ตราเรือ 3 รำอัลราฮามานหมูปิ้ง เชลล์ชวนชิมฟินกับอาหารอร่อย พร้อมกับดนตรีสด และกิจกรรมมากมายจากกูรูวงการอาหาร,Food & Drink
ลีโอ เฮิร์ต เฟส,"ถ้าตอนนี้คุณไม่ได้อยู่ในโหมดอินเลิฟ แต่กำลังเฮิร์ตแบบสุดๆจะอกหัก แอบรัก หรือคุยกับใครก็เป็นได้แค่พี่น้องต้องออกมาจบทุกความเศร้าที่งานนี้!LEO HURT FESTปิดโหมดเฮิร์ต เปิดโหมดฮีลคอนเสิร์ตที่จะพาชาวลีโอยกแก้วดื่มให้กับความเศร้าให้สุดแล้วหยุดด้วยความันส์จาก 6 ศิลปินBean NapasonAtom ChanakanPOLYCATสKlearKlearมพล Lham SompholNONT TANONTขอประกาศวัน 'เลิกเสียน้ำตาใหhคนเดิมๆ'29 มีนาคมนี้ ที่ THUNDER DOME, MUANG THONG THANIhttps://maps.app.goo.gl/xE1YLKN4qi81BJqt9เปิดขายบัตร 22 กุมภาพันธ์นี้ เวลา 10.00 น.Early Bird ราคาพิเศษ 14 วันเท่านั้น !! (22 ก.พ. - 6 มี.ค. 67)บัตร 2 ประเภท ราคาเดียว 500.- (จากปกติราคา 800.-)บัตร Standing สำหรับคนเฮิร์ตหนัก อยากร้องไห้ติดขอบเวทีบัตร Seating สำหรับคนที่อยากนั่งร้องไห้ไม่ให้ใครเห็นซื้อบัตรได้ที่ 7-Eleven ทุกสาขา และ www.allticket.comไม่จำกัดอายุเข้างาน และขอสงวนสิทธิ์การจำหน่ายเครื่องดื่มแอลกอฮอล์ ให้กับผู้ที่มีอายุ 20 ปีขึ้นไปเท่านั้น#LEOHURTFEST #LEOคิดถึงมันส์ทุกทีที่อยู่รวมกัน #LEOรวมกันมันส์กว่า",Concert
FURNITURE MEGA SHOW 2024,งานแสดงสินค้าครบเครื่องเรื่องเฟอร์นิเจอร์และการแต่งบ้าน ยิ่งใหญ่ระดับเมกะโชว์ พบกับสินค้าเครื่องใช้ไฟฟ้า หลากหลายแบรนด์ชั้นนำ อาทิเช่น ทีวี ตู้เย็น เครื่องปรับอากาศ เครื่องซักผ้า และ สินค้าอีกมากมาย ลดแรง โปรปัง โปรแรง จัดหนัก นำมาลดราคาพร้อม เงื่อนไขพิเศษ ให้คุณช้อปแบบจุใจ ที่คุณต้องไม่พลาดสำหรับโปรโมชั่นนี้ ณ อิมแพ็ค เมืองทองธานี HALL 9-11 งานแสดงสินค้าประกอบไปด้วย- เฟอร์นิเจอร์ และของตกแต่งบ้านทุกชนิดเครื่องใช้ไฟฟ้า ภายในบ้านสินค้าเกี่ยวกับร้บสร้างบ้านและวัสดุก่อสร้างเวดดิ้ง สตูติโอถ่ายภาพเสื้อผ้าแฟชั่น เครื่องประดับ เครื่องแต่งกายทุกชนิดสินค้าอาหารพร้อมรับประทานผลิตภัณฑ์เกี่ยวกับอาหารสำเร็จรูปบรรจุแพ็คต้นไม้ อุปกรณ์แต่งสวน,Home & Furniture
อาโดะ เดอะเฟิร์สเวิลด์ทัวร์ วิช อิน แบงค็อก,คอนเสิร์ตศิลปินญี่ปุ่น,Concert
4EVE Concert “NOW OR NEVER” Live at IMPACT Arena,คอนเสิร์ตใหญ่ครั้งที่ 2 ของ 4EVE วงเกิร์ลกรุป ที่กำลังมาแรงในวงการยกความสนุกมาบุกถึง IMPACT Arena อลังการงานโชว์ จัดเต็มแสงสีเสียง ครบทุกอรรถรสรับประกันความสนุก ความมัน และความประทับใจ ไม่แพ้คอนเสิร์ตครั้งแรกที่ผ่านมา แน่นอน,Concert
Home & Furniture Expo,Home Expo: เปิดโลกของการแต่งบ้านใหม่ ในสไตล์ที่ชอบ เฟอร์นิเจอร์โรงงานมาเอง ออกแบบ เลือกได้ตามใจชอบ อาทิ ที่นอน ตู้ เตียง โซฟา ของตกแต่งบ้าน ชุดบิวท์อิน ชุดห้องนอน ชุดรับแขก ชุดโต๊ะรับประทานอาหาร และ ผ้าม่าน จัดพร้อมโปรโมชั่นมากมาย เฉพาะงานนี้เท่านั้นElectronics Expo : เครื่องไฟฟ้าลดถล่มราคา จากUR Mall มีทั้งทีวี แอร์ ตู้เย็น เครื่องใช้ไฟฟ้า เครื่องซักผ้า ไดร์เป่าผม เครื่องฟอกอากาศ เครื่องดูดฝุ่น เครื่องปั่นน้ำผลไม้ เตารีด พร้อมรับโปรโมชั่นเพียบผ่อน 0% นาน 24 เดือน และบริการหลังการขายWedding Expo: รีบแต่ง! ต้อนรับวาเลนไทน์นี้ กับแพ็คเกจแต่งงาน ชุดแต่งงาน เวดดิ้งสตูดิโอ ถ่ายภาพงานแต่ง และอื่นๆ มีหลากหลาย ตอบทุกโจทย์ของคู่รัก ในราคาที่เป็นกันเองFood Zone: เพลิดเพลินไปกับอาหารคาวหวาน ช้อป ชิม ของฝากเพียบ,Home & Furniture
รับสร้างบ้านและวัสดุ Focus 2024,งานรับสร้างบ้านและวัสดุ Focus 2024 ใหญ่ ครบ จบที่เดียวจากบริษัทรับสร้างบ้านชั้นนำทั่วประเทศคนอยากสร้างบ้านห้ามพลาด ราคาตั้งแต่ 1-100 ล้านบาท,Home & Furniture
ไทยประกันชีวิต presents 90's FOREVER CONCERT,รวมที่สุดของโชว์ จากที่สุดของซูเปอร์สตาร์7 SUPERSTARS 7 SUPERSHOWSหนุ่ย อำพล / ใหม่ เจริญปุระ / บิลลี่ โอแกน / ก้อง สหรัถ / คริสติน่า อากีล่าร์ / ทาทา ยัง / มอส ปฏิภาณและ 1 SUPERGROUPที่จะทำให้คุณร้องไห้ท่วมอิมแพ็คแมว จิรศักดิ์ / เหน่ง Y NOT 7 / ดา อินคา / มิคกี้ / ตั้ม สมประสงค์,Concert
THAIFEX - HOREC Asia 2024,"ยินดีต้อนรับสู่งานแสดงสินค้าสำหรับคนในธุรกิจภาคบริการ “THAIFEX - HOREC Asia 2024” งานที่นำนวัตกรรมและความเชี่ยวชาญในธุรกิจโรงแรม ร้านอาหาร และการจัดเลี้ยง (HORECA) มาอยู่ด้วยกันงานนี้เป็นการพัฒนาและต่อยอดจากงานแม่ THAIFEX - Anuga Asia ที่ประสบความสำเร็จอย่างมาก งาน THAIFEX - HOREC Asia นี้จะถูกจัดเป็นครั้งแรกในปี 2567 และได้รวบรวมผู้ผลิต ผู้จัดหา กว่า 300 แบรนด์ชั้นนำระดับนานาชาติมานำเสนอนวัตกรรมและเทคโนโลยีสุดล้ำที่เหมาะสำหรับอุตสาหกรรมการให้บริการและธุรกิจบริการอาหารที่กำลังเติบโตอย่างรวดเร็วในภูมิภาค งานนี้เป็นงานที่ครอบคลุมกลุ่มสินค้าและบริการที่สร้างรายได้สูงสุดในอุตสาหกรรม HORECA ทั้งหมด 9 กลุ่ม ได้แก่ กลุ่มเบเกอรี่และไอศกรีม กลุ่มคาเฟ่และบาร์ กลุ่มการทำความสะอาดและซักรีด กลุ่มการรับประทานอาหาร กลุ่มเฟอร์นิเจอร์ กลุ่มห้องครัว กลุ่มการให้บริการ กลุ่มเทคโนโลยี และกลุ่มสุขภาพTHAIFEX - HOREC Asia 2024 ไม่ใช่เป็นเพียงงานแสดงสินค้าเท่านั้น แต่เป็นการรวมกันของนวัตกรรม-ดิจิทัลโซลูชันใหม่ๆและการสร้างเครือข่ายที่สำคัญ คาดว่าจะมีผู้ซื้อมีศักยภาพที่เข้าโปรแกรมกิจกรรมเจรจาธุรกิจ 500 คนและผู้เข้าชมงาน 20,000 คน งานนี้นอกจากจะเป็นแพลตฟอร์มสำหรับการประชุมแลกเปลี่ยนความรู้ และการสาธิตโดยผู้เชี่ยวชาญแล้ว ผู้เข้าชมงานจะได้พบกับ 5 ไฮไลต์กิจกรรมที่น่าตื่นเต้น อย่าง การแข่งขัน ASEAN Barista Team Championship, การประกวด THAIFEX – HOREC Innovation Awards, การแข่งขัน Thailand Ultimate Housekeeping Challenge, THAIFEX – HOREC Academy และ THAIFEX – HOREC Xperiential Zoneนี่คืองานที่จะช่วยเสริมพลังให้ธุรกิจของคุณสำเร็จนี่คืองานที่จะช่วยกำหนดอนาคตของอุตสาหกรรม HORECA",Business
บางกอก อินเตอร์เนชั่นแนล มอเตอร์โชว์ ครั้งที่ 45,"""The Mobility of Joyful Experience"" ประสบการณ์ความสนุกของทุกการเดินทาง",Others
WCF X WCC World Show,งานประกวดแมวระดับโลกที่ยิ่งใหญ่ที่สุดแห่งปีรวมน้องแมวพันธุ์ไทยและต่างประเทศกว่า 500 ตัว 20 สายพันธุ์พบกับกรรมการตัดสินแมวจาก 9 องค์กรระดับโลก,Others
Furniture Fashion Food Festival 2012,Furniture Festival,Home & Furniture
บ้านและสวนแฟร์ 2012,"งานแสดงและขายสินค้าครบวงจรที่เกี่ยวกับบ้านและสวน บนพื้นที่ต่อเนื่องและยิ่งใหญ่กว่าทุกปี ทั้งในเชิง DESIGN, LIVING และ OUTDOOR LIVING รวมทั้งนิทรรศการและกิจกรรมที่ให้ความรู้ ข่าวสารข้อมูลเกี่ยวกับที่อยู่อาศัย ให้ความเพลิดเพลินแก่คนรักบ้าน ในธีมสร้างสรรค์...ไม่ยึดติด",Home & Furniture
งานมหกรรมสินค้าคุณภาพ อาหาร แฟชั่นและความงาม,"งานแฟร์สำหรับคนรักสุขภาพ, อาหาร, แฟชั่นและความงาม พบกับสินค้าและบริการที่เกี่ยวข้อง พร้อมเพลิดเพลินไปกับกิจกรรมคุณภาพ ที่รวมเกร็ดความรู้จากเหล่ากูรูด้านสุขภาพ, อาหาร, แฟชั่นและความงาม",Beauty & Fashion
Sign Asia Expo 2012,"งานแสดงทางความคิดและเทคโนโลยีด้านการออกแบบธุรกิจป้าย นักออกแบบ, สื่อและธุรกิจการพิมพ์, นักการตลาด ทั้งจากในและนอกประเทศ เอเจนซี่และผู้ผลิตงานโฆษณา รวมทั้งตัวแทนจำหน่าย สินค้าจัดแสดง อาทิ เครื่องพิมพ์, เครื่องสกรีน, เครื่องแกะสลักเลเซอร์ วัสดุอุปกรณ์ป้าย, หมึก, โทนเนอร์, ฟิวเจอร์บอร์ด, สติ๊กเกอร์, ไวนิล อะคิลิก, พลาสวู้ด, ซอฟท์แวร์ต่างๆ ดิสเพลย์แบบป้ายแบนเนอร์โรลเลอร์, แบบเคลื่อนที่พกพา, ป๊อปอัพ x-stand, ป้ายกลอ่งไฟ, คีออส, ป้ายธง, LED, ป้ายดิจิตอล และการบริการป้ายแบบครบวงจร",Technology
งานมหกรรมแสดงสินค้าหอการค้าไทย,หอการค้าไทยและสภาหอการค้าแห่งประเทศไทยร่วมกับผู้ประกอบการและองค์กรจากทุกภาคส่วน ร่วมเฉลิมพระเกียรติเนื่องในวโรกาสมหามงคล 84 พรรษา พระบาทสมเด็จพระเจ้าอยู่หัว และ 80 ปีหอการค้าไทยโดยรวบรวมความเป็นที่สุดแห่งสยามไว้ภายในงานเดียว,Business
การประชุมวิชาการประจำปี สมาคมเวชสารสนเทศไทย ครั้งที่ 21,การประชุมวิชาการประจำปีมีวัตถุประสงค์เพื่อเผยแพร่ความก้าวหน้าทางเทคโนโลยีเวชสารสนเทศจากนักวิชาการผู้มีความรู้และประสบการณ์ และผู้ปฏิบัติงานด้านเทคโนโลยีสารสนเทศรวมถึงเป็นเวทีและเปลี่ยนความรู้ ความคิดเห็น และพบปะประจำปีระหว่างสมาชิกสมาคมฯ และผู้เข้าร่วมประชุมจากทั่วประเทศ นอกจากนี้ยังมีการแลกเปลี่ยนผลงานทางวิชาการ และจัดแสดงนิทรรศการของหน่วยงานด้านเวชสารสนเทศ จากหน่วยงานภาครัฐและเอกชนที่มีบทบาทในการผลิต พัฒนาวิทยาการเทคโนโลยีเวชสารสนเทศที่มีชื่อเสียงทั้งในและต่างประเทศจำนวนมาก,Education
งานมหกรรมพาณิชย์ ขับเคลื่อนเศรษฐกิจ,กรมการค้าภายใน กระทรวงพาณิชย์,Business
Sea Of Reflections,"พบกับการผจญภัยของชาล็อตเเละเพื่อนสัตว์ทะเลได้เเล้ววันนี้ ที่ ซีไลฟ์ แบงคอก Sea Life I Mackcha “Sea Of Reflections” สมุทร | ภาพ | สะท้อน กับครั้งแรกที่จะพาทุกท่านด่ำดิ่งสู่ท้องทะเลใจกลางเมือง เชิญชวนทุกท่านค้นหาสิ่งมีชีวิตสุดมหัศจรรย์ในโลกของซีไลฟ์สู่ห้วงทะเลแห่งจิตใจ สำรวจสิ่งมีชีวิตใต้ท้องทะเล และสะท้อนตัวตนให้มากขึ้น ผ่านรูปแบบความสนุกกับ Treasure Map (แผนที่ตามหาสมบัติ) ในรูปแบบผลงานศิลปะจากการสร้างสรรค์โดยศิลปินมากความสามารถ ที่มีผลงานจัดแสดงมาแล้วทั้งในไทยและต่างประเทศโดย ชรารัตติ์ สาระอาภรณ์ หรือ Mackcha เจ้าของคาแรกเตอร์ดีไซน์ Chalotte (ชาล็อต) เด็กหญิงผมสีขาว ชุดสีน้ำเงิน หน้าตาน่ารักที่มักจะมาพร้อมเพื่อนใต้ท้องทะเลของเธอเสมอตื่นตาไปกับคาแรกเตอร์ Chalotte ในรูปของประติมากรรมใต้ทะเลถึง 2 ชิ้นงาน พร้อมสนุกไปกับ Treasure Map ทำภารกิจร่วมกันกับ Chalotte เพื่อรับของที่ระลึกสุด Limited!
ห้ามพลาด! ถ่ายภาพสุดพิเศษจากผลงานภาพเขียนของ Mackcha “Golden Time” และ “Overshadow” ที่จะทำให้ทุกท่านเสมือนเข้าไปเป็นส่วนหนึ่งของผลงานศิลปะ และฮีลใจไปกับแอนิเมชั่นสุดน่ารักของ Chalotte ที่จะคอยพบปะทักทายทุกท่านอยู่ตลอดเส้นทางการรับชม ก่อนกลับ อย่าลืมช็อปของที่ระลึก ของมีจำนวนจำกัด และสินค้า Exclusive สำหรับงานนี้ที่สยามพารากอนเท่านั้น! ",Art & Design
Big Heart,Big Heart แลนด์ดิ้งส่งความรัก ผลงานจาก Ave Leung ศิลปินชาวจีน จัดแสดงครั้งแรกในไทย! ฉลองครบรอบ 30 ปี ฟิวเจอร์พาร์ค พบกับ Inflatable Art บอลลูนหัวใจขนาดยักษ์สุดคิวท์ สูง 5 และ 10 เมตร มาพร้อมกับ Sculpture หลากหลายคาแรกเตอร์สุดน่ารัก ที่จะมาส่งต่อความสุข ทำให้ทุกวันของคุณกลายเป็นวันธรรมดาที่แสนพิเศษ อย่าลืมมาเช็คอิน พร้อมแชะ! ภาพกับ Big Heart กันได้,Art & Design
โลกร้าว: เรื่องเล่าขนาดย่อมจากเส้นทางโฮจิมินห์ถึงทุ่งหญ้าสเต็ปป์,"หอศิลปกรุงเทพฯ และ หอศิลป์บ้านจิม ทอมป์สัน ร่วมจัดนิทรรศการ ""โลกร้าว: เรื่องเล่าขนาดย่อมจากเส้นทางโฮจิมินห์ถึงทุ่งหญ้าสเต็ปป์"" เพื่อเฉลิมฉลองวาระครบรอบ 50 ปีของมูลนิธิเจมส์ เอช ดับเบิลยู ทอมป์สัน นิทรรศการครั้งนี้นำเสนอผลงานของศิลปิน 13 คนจากภูมิภาคเอเชียตะวันออกเฉียงใต้และยูเรเชีย เพื่อสำรวจผลกระทบของสงครามเย็นที่ยังคงหลงเหลืออยู่ผ่านเรื่องเล่าขนาดย่อมที่ฝังตัวอยู่ในประวัติศาสตร์ท้องถิ่นนิทรรศการแบ่งออกเป็น 3 ส่วนหลัก ได้แก่ สงครามจิตวิทยา การทูตเชิงวัฒนธรรม และการแข่งขันด้านอาวุธนิวเคลียร์และอวกาศ เพื่อนำเสนอประเด็นเกี่ยวกับมรดกของสงครามเย็น ซึ่งยังคงส่งอิทธิพลต่อโลกปัจจุบัน โดยจัดแสดงใน 4 สถานที่ทั่วบริเวณแยกปทุมวัน-ซอยเกษมสันต์ พร้อมด้วย กิจกรรมสาธารณะ มากมายตลอดช่วงนิทรรศการ อาทิ การประชุม โปรแกรมฉายภาพยนตร์ การเสวนา และการเดินสำรวจพื้นที่",Art & Design
Boombaybay Music Festival,"กลับมาอีกครั้งกับ Boombaybay เทศกาลดนตรี ที่ครั้งนี้ ยิ่งใหญ่และจัดเต็มกว่าเดิม! Boombaybay Music Festival Chapter 2 จะมาระเบิดความเดือด ในคอนเซ็ปต์ #โลกมันก็แบบนี้ แต่ความมันส์ที่นี่ไม่มีใครเหมือนแน่นอน! รวมศิลปินหลากหลายแนวเพลง 8 วง 10 ชม.เต็ม! กับพวกเขาเหล่านี้พงษ์สิทธิ์ คำภีร์
เสก โลโซ
คณะขวัญใจ
มนัสวีร์
ไววิทย์
SITTA
วสันต์17
Diamond, Younggu, Gunner, TG Tiger บัตร Regular 990 บาท | VIP 1,200 บาท",Concert
BABYMONSTER 1st WORLD TOUR <HELLO MONSTERS> IN BANGKOK,"เกิร์ลกรุ๊ปสุดฮอต BABYMONSTER ประกาศเวิลด์ทัวร์ <HELLO MONSTERS> ครั้งแรก เดินหน้าออนทัวร์ 11 เมืองทั่วโลก พร้อมปักหมุด 2 รอบการแสดง 7 - 8 มิถุนายนนี้ ที่อิมแพ็ค อารีน่า เมืองทองธานีBABYMONSTER ก้าวขึ้นสู่ตำแหน่งเกิร์ลกรุ๊ประดับโลกอย่างรวดเร็วนับตั้งแต่เดบิวต์เมื่อวันที่ 1 เมษายน 2567 ด้วยอีพีอัลบั้มแรก [BABYMONS7ER] ด้วยเมมเบอร์หลากหลายชาติ ทั้งเกาหลีใต้, ไทย และญี่ปุ่น และยังดึงดูดผู้ชมทั่วโลกด้วยความสามารถในการร้องเพลงที่ยอดเยี่ยม, ทักษะการแร็พที่ทรงพลัง, การแสดงที่ดุดัน และวิชวลตาแตก ทำให้พวกเธอได้รับตำแหน่ง ""รุกกี้ปีศาจ"" ไปครองลงทะเบียนรับสิทธิ์พรีเซลส์สำหรับแฟนคลับ MONSTIEZ MEMBERSHIP วันที่ 27 ก.พ. (10:00 น.) ถึงวันที่ 3 มี.ค. (09:59 น.) ที่แอพพลิเคชั่น Weverse: bit.ly/3F73JsH 
พรีเซลส์สำหรับแฟนคลับ MONSTIEZ MEMBERSHIP วันที่ 22 มี.ค. (10:00 - 23:59 น.) ที่ bit.ly/babymonsterbkk2025 
พรีเซลส์สำหรับมาสเตอร์การ์ด วันที่ 23 มี.ค. เวลา 10:00 น. ถึง วันที่ 24 มี.ค. เวลา 10:00 น. ที่ bit.ly/babymonsterbkk2025 
พรีเซลส์สำหรับสมาชิกไลฟ์ เนชั่น เทโร วันที่ 24 มี.ค. (12:00 - 23:59 น.) ที่ bit.ly/ps-hellomonstersbkk เท่านั้น สมัครสมาชิกฟรี!
จำหน่ายบัตรทั่วไป 25 มี.ค. (10:00 น. เป็นต้นไป) ที่ bit.ly/babymonsterbkk2025 การซื้อบัตรทางเว็บไซต์ในวันที่ 22 - 25 มี.ค. 2568 โปรดกดรับคิวซื้อบัตรได้ที่หน้าเว็บไซต์ thaiticketmajor.com ล่วงหน้า 1 ชั่วโมงก่อนเปิดจำหน่าย ตรวจสอบขั้นตอนการรับคิวที่ thaiticketmajor.com
รอบพรีเซลส์สำหรับแฟนคลับ: 1 บัญชีสมาชิก ซื้อบัตรได้ 4 ใบ ต่อ 1 รอบการแสดง
รอบพรีเซลส์มาสเตอร์การ์ด: บัตรมาสเตอร์การ์ด 1 ใบ ซื้อบัตรได้ 4 ใบ ต่อ 1 รอบการแสดง
รอบพรีเซลส์สำหรับไลฟ์ เนชั่น เทโร: ซื้อบัตรได้ 4 ใบ ต่อ 1 การสั่งซื้อ ต่อ 1 รอบการแสดง 
รอบจำหน่ายบัตรทั่วไป: ซื้อบัตรได้ 4 ใบ ต่อ 1 การสั่งซื้อ ต่อ 1 รอบการแสดง
รอบพรีเซลส์เปิดจำหน่ายทุกราคาบัตร โดยมีจำนวนจำกัดในแต่ละรอบพรีเซลส์ ซื้อก่อนมีสิทธิ์ก่อน
การมองเห็นในบางโซนและบางที่นั่งอาจถูกจำกัด เนื่องจากรูปแบบของการแสดง โครงสร้างของเวที รวมไปถึงอุปกรณ์ต่างๆ จากการแสดง ขอสงวนสิทธิ์ในการยกเลิกหรือขอเงินคืนจากเหตุผลดังกล่าว
⁠สงวนสิทธิ์ในการเปลี่ยนแปลงแก้ไขโดยไม่จำเป็นต้องแจ้งให้ทราบล่วงหน้า",Concert
"VALLEY : WATER THE FLOWERS, PRAY FOR A GARDEN ASIA TOUR 2025","กลับมาอีกครั้ง สดใสกว่าเดิม! อินดี้ป็อป VALLEY เจ้าของเพลงดัง ""Like 1999"" ในคอนเสิร์ต VALLEY : WATER THE FLOWERS, PRAY FOR A GARDEN ASIA TOUR 2025คอนเสิร์ตเดี่ยวครั้งแรก ‘WATER THE FLOWERS, PRAY FOR A GARDEN ASIA TOUR’ เปิดประเดิมที่กรุงโซล และอีก 8 เมืองทั่วเอเชีย แฟนชาวไทยเตรียมหัวใจชุ่มฉ่ำพร้อมกัน วันจันทร์ที่ 9 มิถุนายนนี้ ที่สามย่าน มิตรทาวน์ ฮอลล์ สมาชิกไลฟ์ เนชั่น เทโร รับสิทธิ์ซื้อบัตรรอบพรีเซลส์ในวันศุกร์ที่ 7 มีนาคมนี้ ที่ livenationtero.co.thมาสเตอร์การ์ดพรีเซลส์: 6 มี.ค. (10.00 น.) ถึง 7 มี.ค. (10.00 น.) ที่ bit.ly/valleybkk2025
ไลฟ์ เนชั่น เทโร พรีเซลส์: 7 มี.ค. (12.00 - 22.00 น.) ที่ bit.ly/ps-valleybkk2025
เปิดจำหน่ายบัตรทั่วไป: 8 มี.ค. เวลา 10.00 น. เป็นต้นไป bit.ly/valleybkk2025",Concert
IMPACT Speed Fest,“IMPACT Speed Fest” อีเวนต์สุดซิ่ง ที่จะมากระตุ้นความตื่นใจ เร้าใจไปกับความเร็ว & แรง เตรียมตัวรับความตื่นเต้นแบบขีดสุด จากเทศกาลยานยนต์สุดยิ่งใหญ่แห่งปี ที่รวมเอามอเตอร์สปอร์ต ให้คุณได้สัมผัสเสน่ห์แห่งความเร็ว พบกัน 13 - 15 มิ.ย. 2568 ณ ริมทะเลสาบ เมืองทองธานี ,Others
YOLO FEST,"ครั้งแรกของ ATIMESHOWBIZ ครีเอทมิวสิคเฟสอินดี้ ขึ้นห้าง กลางเมือง โดนใจทุก Gen โดดเด่นทุก Line up ที่ทุกคนต้องได้มาฟังสด ๆ สักครั้งในชีวิต! YOLO FEST เฟสอินดี้ YOU ONLY LISTEN ONCE มิวสิคเฟสที่ “คุ้ม” ที่สุด กับโลเคชั่นที่ “ติดแกลม” ที่สุด จัดเต็มตลอด 9 ชม. แบบ Non stop กับ 12 ศิลปินอินดี้ตัวท็อปสุดเทสต์!TATTOO COLOUR วงดนตรีขวัญใจเด็กแนวทุกยุค กับสไตล์เพลงสุดครีเอทที่ไม่เคยเก่า!
POLYCAT วงดนตรีกลิ่นอายยุค 80’s ที่ปลุกกระแสยุคเก่าให้เก๋าไปทั่วบ้านทั่วเมือง
SCRUBB ศิลปินดูโอ้ที่มีเพลงเพราะอยู่ในเพลย์ลิสต์โปรดของใครหลายคนมานานกว่า 20 ปี!
THE TOYS อัจฉริยะทางดนตรี ผู้สร้างปรากฎการณ์ให้วงการเพลงไทยดังไกลทั่วเอเชีย!
SAFEPLANET วงอินดี้ป็อปแถวหน้า ดาวเคราะห์แห่งเสียงดนตรีกับ Sound สุดซิกเนเจอร์!
PUN ศิลปินหนุ่มสุดฮอต ขวัญใจเจน Z ที่มาแรงที่สุดในตอนนี้!
DEPT ดูโอ้ซินธ์ป็อปแห่งยุค กับแนวเพลงเศร้าเคลือบน้ำตา โดนใจวัยรุ่น
WHAL & DOLPH วงดนตรีอินดี้ป็อปจากท้องทะเล กับการดีไซน์เพลงที่ไร้ขีดจำกัด
MEYOU All rounder แห่งวงการเพลงไทย เจ้าของเพลงฮิตร้อยล้านวิว
WIM ศิลปินอินดี้ป็อปไวป์ดี Mr.feelgood มาพร้อมสไตล์เพลงสุดกรู๊ฟชวนฝัน!
LUSS คู่หูมหัศจรรย์แห่งยุค! กับเมโลดี้ติดหูที่กลายเป็น Viral นับครั้งไม่ถ้วน
TELEVISION OFF วงน้องใหม่ฟอร์มแรง ผู้ถ่ายทอดความเจ็บปวดได้อย่างสวยงาม“YOU ONLY LISTEN ONCE” โอกาสเพียงครั้งเดียวเท่านั้น ที่คุณจะได้มาฟังทั้ง 12 ศิลปินสุดเทสต์ใน Stage เดียวกัน วันเดียวเท่านั้น รันยาวต่อเนื่องแบบ Non stop ห้ามพลาดเด็ดขาด!บัตรราคาเดียว : บัตรยืน 1,500 บาท 
พิเศษสุด! โปรฯ คู่ 2,800 บาท (จำกัด 1,500 คู่เท่านั้น!)
ราคาบัตรวันแสดง 1,800 บาท",Concert
The Peech Man Show Concert,"ยินดีต้อนรับทุกท่านเข้าสู่ ‘BLEND 285 Signature presents The Peech Man Show Concert’ พร้อมกันหรือยังกับคอนเสิร์ตใหญ่ครั้งแรกของ PURPEECHเปิดจำหน่ายบัตรวันที่ 15 มีนาคม 2568 ทาง www.theconcert.com หรือ The Concert Application ตั้งแต่เวลา 10:00 น. เป็นต้นไป บัตรราคา 3,500 (VIP) / 2,000 / 1,500 บาท (บัตรยืนทั้งหมด)",Concert
Move On จนโคจรมาเจอกัน Concert,"เลือกกุญแจที่ชอบ เดินทางสู่ดินแดนที่ใช่ มาม่า presents Move On จนโคจรมาเจอกัน Concert กลับมาเจอทุกคนในปีที่ 4 พร้อมศิลปินตัวท็อปแห่งยุค Jeff Satur | Zom Marie | PiXXiE | 4EVE | bowkylion | NUNEW | PUN | LYKN | PROXIE | ATLAS | Perses | NONT TANONT | TATTOO COLOUR | Seriousbaconband | Violette Wautier | Ink Waruntorn2 วัน 4 รอบการแสดง 16 ศิลปิน ในสถานที่ใหม่ UOB LIVE กับโปรดัคชั่น เวที แสง สี เสียง ที่ไม่เป็นสองรองใคร บนเวทีหมุนได้อันเป็นเอกลักษณ์ของมูฟออน ได้ฟินกันแบบต่อเนื่อง ไม่ต้องรอเปลี่ยนวง ไม่มีอ่อม ใกล้ชิดศิลปินแบบไม่ต้องกดซูม พร้อมพาทุกคนเข้าสู่ดินแดนมหัศจรรย์ด้วยเสียงเพลงเพิ่ม 1 รอบจัดเต็ม 4 ศิลปิน
เพิ่ม เวลาการแสดงเป็น 3 ชั่วโมงเต็ม คุ้มขึ้นไปอีก
เพิ่ม ความยาว Catwalk พาศิลปินไปใกล้ชิดกับทุกคนยิ่งกว่าเดิม
เพิ่ม ความสบาย กับสถานที่ใหม่ เดินทางสะดวกด้วย BTS บัตรราคา 1,999 / 1,800 / 1,500 / 1,200 / 999ราคาต่อหนึ่งรอบการแสดง",Concert
The Phantom Of The Opera,"ถึงเวลาของประเทศไทย...ที่จะได้พบกับสุดยอด ประสบการณ์ระดับโลก ของ The Phantom of the Opera ละครเวทีที่ได้รับการยกย่องว่าเป็น The Best West End Show of all time The Phantom of the Opera ละครเวทีระดับตำนานที่ครองใจผู้ชมทั่วโลก! เรื่องราวความรักที่งดงามและความลึกลับที่ซ่อนอยู่ใต้เงามืดของโรงละครโอเปร่ามารอฟังเพลงเพราะระดับโลก โปรดักชันสุดอลังการ และชมฝีมือการแสดงระดับโลกได้แล้วที่เมืองไทยรัชดาลัย เธียเตอร์พรีเซลสำหรับสมาชิก R Card / Live Nation Tero Member และผู้สนับสนุน (มีจำนวนจำกัด) วันที่ 8 - 14 กุมภาพันธ์ 2568
สมัคร R CARD ที่นี่ www.thaiticketmajor.com/rcard 
Public Sale (เปิดขายบัตรสำหรับบุคคลทั่วไป) 15 กุมภาพันธ์ 2568 เป็นต้นไป จองบัตรได้ที่ ไทยทิคเก็ตเมเจอร์ทุกช่องทางร่วมสัมผัสความอลังการของ The Phantom of the Opera ละครเวทีระดับตำนานที่ครองใจผู้ชมทั่วโลก!เปิดแสดง 5 - 24 สิงหาคม 2568ราคาบัตรเริ่มต้น 1,800 บาท",Concert
FU ME FEST 2,FU ME FEST 2 กลับมาแล้ว! เตรียมตัวสนุกสุดเหวี่ยง มันส์ทะลุจอ! INFLUENCER FESTIVEL,Others
งานบุญประเพณีแซนโฎนตา บูชาหลักเมือง ลือเลื่องกล้วยแสนหวี ประจำปี 2568,"ขอเชิญร่วมงาน “บุญประเพณีแซนโฎนตาเมืองขุขันธ์ พิธีบูชาศาลหลักเมืองอำเภอขุขันธ์” พิธีไหว้ศาลพระภูมิ พิธีบวงสรวงพระยาไกรภักดีศรีนครลำดวน (ตากะจะ) พิธีอัญเชิญดวงวิญญาณบรรพบุรุษของชาวอำเภอขุขันธ์ รำลึกพระยาไกรภักดี บูชาหลักเมือง วัฒนธรรมบุญใหญ่แห่งอีสานใต้ การประกวดขบวนแห่ การแสดงศิลปวัฒนธรรมพื้นเมือง การจำหน่ายกล้วยน้ำว้าคุณภาพ รวมถึงกล้วยพันธุ์ต่าง ๆ จากทุกอำเภอในจังหวัดศรีสะเกษ การออกร้าน ของส่วนราชการ และกลุ่มเครือข่าย OTOP ต่าง ๆ สนุกกับสวนสนุก เครื่องเล่น คอนเสิร์ตจากศิลปินดัง16 ก.ย. 68 ใหม่ พัชรี ไชยเลิศ 
17 ก.ย. 68 ลำไย ไหทองคำ เต็มวง
19 ก.ย. 68 ชมการประกวดขบวนแห่ทั้ง 23 อปท., การประกวดสำรับเครื่องเซ่นไหว้
21 ก.ย. 68 คาราบาว เต็มวง
22 ก.ย. 68 วันไหว้-แซนโฎนตา
23 ก.ย. 68 ปู พงษ์สิทธิ์ คําภีร์",Others
One earth expo 2026,"One Earth Expo งานมหกรรมระดับนานาชาติที่มุ่งเน้นเรื่องการอนุรักษ์สิ่งแวดล้อม การพัฒนาพลังงานทดแทน และการส่งเสริมการค้าระหว่างประเทศ ซึ่งนำโดย ม.ร.ว.จิราคม กิตติยากร และการสนับสนุนจากกระทรวงต่าง ๆ ของไทยในงานพบกิจกรรมมากมาย สินค้าและบริการ มีมากถึง 5,000 บูธ ที่จะพาคุณไปสัมผัสอนาคตที่ยั่งยืน และความตระการตาในแบบที่ไม่เคยเห็นมาก่อน! มาเป็นส่วนหนึ่งของการเปลี่ยนแปลงโลกในงานนี้กันที่  ONE EARTH EXPOการประกวด “Miss One Earth 2026”เวทีประกวดระดับโลกที่รวมผู้เข้าประกวดจากกว่า 50 ประเทศ โดยเน้นการส่งเสริมความงดงาม ความสามารถ และโครงการเพื่อสังคมของผู้เข้าประกวด เพื่อสร้างแรงบันดาลใจให้ทั่วโลกหันมาใส่ใจสิ่งแวดล้อม
นิทรรศการระดับนานาชาติ พื้นที่แสดงสินค้าและนวัตกรรมจากทุกทวีป โซนนวัตกรรมพลังงานทดแทน เช่น พลังงานแสงอาทิตย์ พลังงานลม และพลังงานชีวภาพ นิทรรศการเกี่ยวกับการแก้ปัญหาโลกร้อนและเทคโนโลยีอนุรักษ์ธรรมชาติ
กิจกรรมการส่งเสริมการท่องเที่ยวไทย พื้นที่นำเสนอเอกลักษณ์ของประเทศไทย เช่น ตลาดวัฒนธรรม การแสดงนาฏศิลป์ และการสาธิตหัตถกรรม เมนูอาหารไทยจากเชฟระดับโลก เพื่อดึงดูดนักท่องเที่ยวและนักลงทุน
ความร่วมมือระดับโลกมีการจัดสัมมนาและเวทีพูดคุยโดยผู้นำระดับโลก นักวิชาการ และผู้ประกอบการที่มุ่งเน้นการแก้ไขปัญหาสิ่งแวดล้อมอย่างยั่งยืน",Others
Thaiger Uppercut (TGU) 2025,เตรียมตัวให้พร้อม! Thaiger Uppercut (TGU) งานแข่งเกมต่อสู้ระดับนานาชาติที่ยิ่งใหญ่มาก ๆ นับเป็นงานสำคัญระดับโลก กลับมาอีกครั้งในปีที่ 13!! งานนี้คือ MAIN EVENT ของสายไฟท์ติ้ง ที่เหล่าโปรเพลเยอร์และแฟนเกมต่อสู้ทั่วโลกตั้งตารอปีล่าสุดมีผู้เข้าร่วมเป็นชาวต่างชาติกว่า 300 คน จาก 30 ประเทศทั่วโลก งานนี้คุณจะได้สัมผัสประสบการณ์ระดับโลก เจอโปรเพลเยอร์ตัวจริงในระยะประชิด พร้อมกิจกรรมแน่น ๆ รับประกันความมันส์ตลอด 3 วันเต็มปีนี้คือก้าวสำคัญของ TGU เรามาถึงปีที่ 13 ได้เพราะแรงสนับสนุนจากทุก Community ขอบคุณที่เติบโตไปด้วยกันมาตลอด เราสัญญาว่าจะทำให้ปีนี้เดือดยิ่งกว่าเดิม!,Others
VintageNeverDie EP 7,"""VINTAGE NEVER DIE"" จุดไฟในหัวใจเดินช้อปให้เต็มที่ ของวินเทจมีมากมายร้านค้าหลากหลาย มินิคอนเสิร์ตเร้าใจทั้งไทยและเทศรวมกัน งานเก่าสุดพิเศษอยู่ที่นี่",Beauty & Fashion
Longlay Beach Life Festival 2025,เทศกาลดนตรีริมทะเลชายหาดชะอำ แจ้งวันแสดงแล้ว จองที่พัก เคลียวันเวลาให้ว่าง เตรียมตัวฟังข่าวอัพเดตได้จาก ลงเลเฟสติวัล แล้วลุยไปกับสายลมริมทะเล,Concert
BANGKOK ART BOOK FAIR 2025,เทศกาลหนังสือศิลปะกรุงเทพฯ (BKKABF) ก่อตั้งขึ้นในปี 2560 โดย Studio150 และ บางกอก ซิตี้ซิตี้ แกลเลอรี่ ได้ทำหน้าที่เป็นพื้นที่สำหรับการสำรวจและเผยแพร่ปฏิบัติการทางศิลปะร่วมสมัยผ่านการพิมพ์และการจัดทำสิ่งพิมพ์อิสระ เทศกาลฯ ได้เติบโตและขยับขยายขอบเขตอย่างต่อเนื่อง ผลักดันด้วยความเชื่อในความเป็นไปได้อันมากมายไม่รู้จบของการตีพิมพ์ เรามีความยินดีที่จะแจ้งให้ทราบว่าในปี 2568 เทศกาลหนังสือศิลปะกรุงเทพฯ จะจัดขึ้นที่ Bacc หอศิลปวัฒนธรรมแห่งกรุงเทพมหานคร ซึ่งนับเป็นก้าวสำคัญในเส้นการเดินทางของพวกเราเทศกาลครั้งถัดไปนี้จะให้ความสนใจไปยังการนำเสนอเรื่องเล่าใหม่ และนำเสนอศิลปินและนักปฏิบัติการที่ขบคิดอย่างตั้งใจที่จะท้าทายวิถีปฏิบัติแบบเดิมๆ ในขณะเดียวกันก็ยังมุ่งมั่นให้การสนับสนุนกการผลิตสิ่งพิมพ์อิสระและการแสดงออกทางความคิดเห็น จุดมุ่งหมายของเราคือการผลักดันให้เกิดความเชื่อมโยงที่มีความหมายระหว่างผู้ผลิตและผู้อ่าน ด้วยการสร้างพื้นที่เฉพาะกาลและเวลาแห่งนี้ให้ซุ่มเสียงที่หลากหลายสามารถมีส่วนในการสร้างบทสนทนาที่แข็งแรงร่วมกันได้BKKABF2025 ร่วมจัดโดย เทศกาลหนังสือศิลปะกรุงเทพฯ (BKKABF) และ หอศิลปวัฒนธรรมแห่งกรุงเทพมหานคร (BACC) กำหนดจัดขึ้นระหว่างวันที่ 5 - 7 ธันวาคม 2568,Book
กรุงเทพ ดีต่อใจ Bangkok Bestival 2025,"กรุงเทพดีต่อใจ 2025 ชวนคุณเปิดรับ “สุขแรกแห่งปี” เริ่มต้นปีใหม่ไปกับสุดสัปดาห์แห่งความสุขที่งาน “กรุงเทพ ดีต่อใจ” Bangkok Bestival 2025 งานนี้เข้าฟรี ไม่มีค่าใช้จ่าย!จัดเต็มกิจกรรมฮีลกาย ฮีลใจ ในบรรยากาศอบอุ่นและสร้างสรรค์ ตลอด 3 วัน เจริญสุขอย่างดีงาม ต้อนรับปีใหม่ พิธีทำบุญตักบาตรพระสงฆ์ 109 รูป เช้าวันสุข (ศุกร์) แรกของปี, ฟัง “เสียงธรรมยามเช้า” โดย พระสุธีวชิรปฏิภาณ (วีรพล) ผู้ช่วยเจ้าอาวาส วัดพระเชตุพนวิมลมังคลาราม ราชวรวิหาร, สุขภาพดีไปกับ Yoga in The Park, สนุกกับ Nature Journey Workshop ภารกิจสำรวจธรรมชาติกลางเมือง และ Nature Walk และบันทึกธรรมชาติผ่านงานศิลปะ, SX WASTE MANAGEMENT STATION (จุดรวมทิ้ง) ทิ้งให้ถูกประเภทกับจุดคัดแยกบรรจุภัณฑ์ที่ใช้แล้ว, กิจกรรมใหม่ไม่ควรพลาด BETTER ME WORKSHOP กิจกรรมกระโดดเชือก Jump for Heart, กิจกรรม Workshop CPR 101: ช่วยชีวิตเบื้องต้น, ชอป ชิมของดี กทม. กับ “มีสุข ฟาร์มมาร์เก็ต” และกิจกรรมพิเศษอื่นๆ อีกมากมายที่รอคุณมาร่วมสนุก!",Others
Kid's World @The Promenade,"สนุกสุดหรรษากับเครื่องเล่นในโลกอวกาศ ที่งาน Kid's World 3 - 12 ม.ค. 68 นี้ The Promenade ให้ได้สนุกไปกับ Workshop น่ารักเเละรับฟรีของขวัญรวมกว่า 2025 รางวัลสนุกสุดหรรษากับเครื่องเล่นในโลกอวกาศ
สนุกฟรี! กิจกรรม Workshop เพียงช้อปสินค้าภายในงาน หรือในศูนย์การค้าฯ ครบ 300 บาท ต่อ ใบเสร็จ จำกัดเเลกรับสิทธิ์ 10 สิทธิ์ / ต่อวัน
สินค้าจากหลากหลายเเบรนด์ อาทิ Asia Books/ Box&Brew / Board Game Academy / DOSH / HW / KEED / Kiki Baby / Wonderworld / Palfish Thailand / ร้านใส่นม 
11 & 12 ม.ค. นี้รับฟรีของขวัญรวมกว่า 2025 รางวัล เพียงเเชะ &​ เเชร์ ภายในงานเเละโพสใน Facebook พร้อมใส่ #Kidsworld@ThePromenade",Others
จินตนาการติดเกาะ - STRANDED IMAGINATION,"ศูนย์การค้าเทอร์มินอล21 โคราช ชวนน้อง ๆ หนู ๆ เตรียมฉลองวันเด็กสนุกรับปี 2025 กับงาน ‘จินตนาการติดเกาะ - STRANDED IMAGINATION’ ต้อนรับวันเด็ก ขนความสนุกทั่วเทอร์ฯ สนุกกับการปลุกจินตนาการ ด้วยการทำ “นิทานทำมือ” ในแบบของคุณเอง มาร่วมเดินทางสู่เกาะในจินตนาการ เพื่อร่วมปลดปล่อย เพื่อนพ้องตัวยักษ์ ที่โดนกักขังอยู่ มาใช้พลังสร้างสรรค์ ""นิทานเล่มเดียวในโลกของทุกคน"" ที่จะได้แรงบันดาลใจจากบอลลูนเป่าลมยักษ์ เต็มลานกิจกรรม ที่ชั้น G ไอเฟล สแควร์ เทอร์มินอล21 โคราชวันที่ 3 - 12 ม.ค. 68 พบกับ ฮิปโปน้อย หน้าศูนย์การค้าฯ
วันที่ 11 - 12 ม.ค. 68 Meet&Greet ""Princess Story"" 
วันที่ 11 ม.ค. 68 พบกับ การแสดง Street Show 
วันที่ 11 - 12 ม.ค. 68 พบกับการแสดงมายากล Chanchai Magic
วันที่ 11 - 12 ม.ค. 68 ต้อนรับเทศกาลวันเด็ก แจกฟรี! ของขวัญกว่า 2025 ชิ้น ",Others
The Fun Snack Tuck,"The Fun Snack Tuck รถตักขนมจิ๋วสุดหรรษา มาแล้ว! พาน้อง ๆ หนู ๆ มาร่วมฉลองวันเด็กกับกิจกรรมสุดพิเศษที่ Terminal21 Pattaya มาตักความอร่อยพาความสนุกกลับบ้านไปเต็มๆ พร้อมลุ้นรับรางวัลสุดพิเศษอีกมากมาย! วันเด็กปีนี้ไม่กลับบ้านมือเปล่าแน่นอนร่วมสนุกกับกิจกรรมได้เพียงแสดงใบเสร็จภายในศูนยการค้าฯ ครบ 1,000 บาท หรือสามารถซื้อบัตรเข้าร่วมกิจกรรมใบละ 50 บาท! *เงื่อนไขเป็นไปตามที่ศูนย์การค้าฯกำหนด",Food & Drink
Activity Series: Cross Culture Intergeneration 2025,"Activity Series 1: “ส่องสรรพในประวัติศาสตร์ ว่าด้วยนานาสัตว์” เรื่อง ปีกเล็กในเมืองใหญ่ : บินข้ามเวลาไปกับนกในประวัติศาสตร์ และเมืองสมัยใหม่ สำรวจเพื่อนสัตว์ในเมืองหลวง เรียนรู้เรื่องราวในประวัติศาสตร์และสิ่งแวดล้อม สร้างความเข้าใจในการอยู่ร่วมกันระหว่างมนุษย์กับสัตว์ต่าง ๆ ในธรรมชาติ1. กิจกรรม ปีกในป่าคอนกรีต : ส่องนก เรียนรู้เมืองเวลา 07.00 - 12.00 น. ณ มิวเซียมสยาม และสวนสราญรมย์ (รับผู้เข้าร่วมกิจกรรม 30 คน)วิทยากร สมาคมอนุรักษ์นกและธรรมชาติแห่งประเทศไทยร่วมสำรวจนกในเกาะรัตนโกสินทร์ เรียนรู้และเข้าใจธรรมชาติ ในการดำรงชีวิตของนกในเมืองใหญ่2. กิจกรรม Talk & Workshop ปีกใต้เงาเมือง : เรื่องเล่าจากธรรมชาติ และการเรียนรู้เวลา 13.00 - 14.30 น. ณ อาคารอเนกประสงค์ มิวเซียมสยาม (รับผู้เข้าร่วมกิจกรรม 30 คน)วิทยากร สมาคมอนุรักษ์นกและธรรมชาติแห่งประเทศไทยรู้จักนกในเมืองชนิดต่างๆ ที่อยู่รอบตัว สร้างความเข้าใจในการอยู่ร่วมกันระหว่างนก มนุษย์และธรรมชาติ3. กิจกรรม Workshop : Suskewiet Visionsจากนิทรรศการ Bangkok Art Biennale 2024 3. กิจกรรม Workshop : Suskewiet Visionsจากนิทรรศการ Bangkok Art Biennale 2024 สร้างเสริมจิตนาการสู่งานศิลปะ โดยการฟังเสียงสิ่งแวดล้อมรอบตัวเรา ในรูปแบบที่แตกต่างออกไป เพื่อปรับบริบทคติพื้นที่ขึ้นใหม่ในการสื่อสาร และความเป็นไปได้ของการอยู่ร่วมกันระหว่างมนุษย์ นก และธรรมชาติิวันที่ 18 มกราคม 2568กิจกรรม ปีกในตำนาน : ส่องนกในภาพจิตรกรรมฝาผนังวัดพระแก้ว เวลา 10.00 - 13.00 น. ณ มิวเซียมสยาม และวัดพระศรีรัตนศาสดาราม (รับสมัครผู้เข้าร่วมกิจกรรม 20 คน)วิทยากรคุณ วัชระ สงวนสมบัติ ผู้อำนวยการศูนย์บริหารและอนุรักษ์ตัวอย่างทางธรรมชาติวิทยา และสัตว์สตัฟฟ์ สำนักวิชาการพิพิธภัณฑ์ธรรมชาติวิทยา องค์การพิพิธภัณฑ์วิทยาศาสตร์แห่งชาติ
คุณยุทธพงษ์ รัศมี นักวิชาการ ศูนย์บริหารและอนุรักษ์ตัวอย่างทางธรรมชาติวิทยา และสัตว์สตัฟฟ์ สำนักวิชาการพิพิธภัณฑ์ธรรมชาติวิทยาก องค์การพิพิธภัณฑ์วิทยาศาสตร์แห่งชาติ ศึกษานกในประวัติศาสตร์ผ่านภาพวาด และนกในจิตนาการของจิตรกร ในภาพจิตรกรรมฝาผนังที่วัดพระแก้ว",Art & Design
วันเนื้อไทย 2,มหกรรมส่งเสริมผู้บริโภคเนื้้อไทย ที่่ผลิตจากเกษตรกรผู้เลี้ยงโคไทย ภายในงานมีกิจกรรมแนะนำสายพันธุ์โคเนื้อคุณภาพที่ใช้ผลิตเนื้อในประเทศไทย การแปรรูปผลิตภัณฑ์โคเนื้อไทยเพื่อเพิ่มมูลค่า มีกิจกรรม ช็อป/ชิม/โชว์ โดยผู้ร่วมงานและเกษตรกรผู้ผลิตเนื้อโคไทย โดยช่วงกลางคืนมีกิจกรม cowboy night การแสดงของศิลปินให้ชมฟรี,Food & Drink
8Riew feel(กา)แฟ Coffee and Friends Season 2,8Riew feel(กา)แฟ Coffee and Friends Season 2 กลับมาแล้ว พบกันที่สวนสมเด็จพระศรีนครินทร์ฯ ฉะเชิงเทรา จัดเต็มความสุขให้อบอวลไปทั้งสวน สุดพิเศษกับกิจกรรม Art & Craft และอย่าปล่อยให้น้อง ๆ เหงาอยู่บ้าน พามาเที่ยวด้วยกันเลย เพราะปีนี้เราเปิดพื้นที่สบายๆให้น้อง ๆ สัตว์เลี้ยงได้พักผ่อนกันด้วย,Food & Drink
FUTURE KIDS #JURASSIC MANIA,"กลับมาอีกครั้ง ศูนย์การค้าฟิวเจอร์พาร์คและสเปลล์ เริ่มต้นศักราชใหม่กับความยิ่งใหญ่แห่งปี ชวนน้องๆหนูมาสัมผัสประสบการณ์กับสัตว์โลกล้านปีตะลุยแดนไดโนเสาร์ ได้ถูกเนรมิตให้เป็นดินแดนแห่งสัตว์โลกล้านปี กับงาน FUTURE KIDS ด้วยคอนเซ็ปต์ JURASSIC MANIA ตั้งแต่วันที่ 9 มกราคม - 2 กุมภาพันธ์ 2568 ณ แคสคาต้า ชั้น จี เซ็นเตอร์คอร์ทและเต็มพื้นที่ Zappening ลานหน้าสเปลล์ ณ ศูนย์การค้าฟิวเจอร์พาร์คและสเปลล์“FUTURE KIDS” #JURASSIC MANIA กองทัพไดโนเสาร์บุกฟิวเจอร์พาร์ค ผจญภัยดินแดนไดโนเสาร์เคลื่อนไหวเสมือนจริง! ชวนน้องๆ พร้อมครอบครัวที่มีความหลงใหลในเรื่องราวของไดโนเสาร์ กับงาน FUTURE KIDS ด้วยคอนเซ็ปต์ JURASSIC MANIA ภายในงานพบกับโซน JURASSIC PARK ตื่นตากับไดโนเสาร์ยักษ์เหมือนจริง! เต็มพื้นที่ Zappening ลานหน้าสเปลลสนุกเกินบรรยาย! ฝึกขี่ไดโนไรเดอร์, ไดโนสกูตเตอร์มี๊ท แอนด์ กรี๊ด “ไดโนวอล์กกิ้ง” ถ่ายรูปและสัมผัสใกล้ชิด ไดโนเสาร์เดินได้",Others
เบิ๊ดแก้ว…Carft,เตรียมร่างให้พร้อม.. แล้วมาเจอกันในงาน “เบิ๊ดแก้ว…Carft” กับงานคราฟต์เบียร์ครั้งแรกของศูนย์การค้าโรบินสันไลฟ์สไตล์ ชัยภูมิ ในงาน มีบูธอาหาร เครื่องดื่มคราฟต์หลากหลายรสชาติจาก brewer หลากหลายแบรนด์ ในบรรยากาศชิว ๆ สุดฟิน อากาศเย็นๆ จิบเครื่องดื่มคราฟต์ ฟังดนตรีสด เบา ๆ จากศิลปินที่เราคัดสรรมามอบความสุข ดื่มด่ำบรรยากาศ แห่งการได้ร่ำเมรัย,Food & Drink
กรุงเทพกลางแปลง ครั้งที่ 3 (11 - 12 ม.ค.),"กรุงเทพกลางแปลง จัดโดย สมาคมผู้กำกับภาพยนตร์ไทย กรุงเทพมหานคร หอภาพยนตร์ Thai Film Archive และ happening mag โดยได้รับการสนับสนุนจาก THACCA-Thailand Creative Culture Agency กรมส่งเสริมวัฒนธรรม กระทรวงวัฒนธรรมกรุงเทพกลางแปลง ครั้งที่ 3 กลับมาแล้ว ตามคำเรียกร้อง! ภายใต้งาน Colorful Bangkok 2024 จัดเต็มทั้งหนังกลางแปลง คอนเสิร์ต การเสวนา การออกบูทอาหารอร่อยประจำพื้นที่เขตของกทม. , การออกบูทของชาวกองถ่าย และนักสร้างสรรค์ และกิจกรรมสร้างสรรค์มากมาย เข้างานฟรี ไม่มีค่าใช้จ่ายกรุงเทพกลางแปลง เริ่มวันที่ 4 มกราคม จัดถึงวันที่ 19 มกราคม 2568 (ทุกวันเสาร์ อาทิตย์) กิจกรรมเริ่ม เวลา 17.00 น. เป็นต้นไป ฉายภาพยนตร์ 19.00 น. ต่อด้วยคอนเสิร์ตจากศิลปินมากมาย",Concert
tripleS Come True in Bangkok,"แฟนชาวไทยพร้อมกันหรือยัง? ""tripleS Come True"" เวิลด์ทัวร์ได้เริ่มขึ้นแล้ว! นอกจากการแสดงสุดพิเศษสมาชิกทั้ง 8 คน (ซอยอน, นาคยอง, ดาฮยอน, เนี่ยน, จูบิน, ฮายอน, ซอลลิน และ ซออา) ยังได้เตรียมสิทธิพิเศษสำหรับแฟนชาวไทยอย่างมากมาย เตรียมตัวให้พร้อมเปิดจำหน่ายบัตรวันที่ 6 ธันวาคมนี้บัตรราคา : 5,800 / 4,500 / 2,800 / 1,500 บาทวันเปิดจำหน่ายบัตร : 6 ธันวาคม 2024 (วันศุกร์) เวลา 12.00 น.",Concert
จอมบึงมาราธอน ครั้งที่ 38,"เตรียมตัวซ้อมให้พร้อม ""จอมบึงมาราธอน ครั้งที่ 38"" กำลังจะกลับมามาราธอนในตำนานที่นักวิ่งหลายคนเลือกให้เป็นมาราธอนแรกสัมผัสเสน่ห์ของจอมบึง ผ่านเส้นทางวิ่งสุดคลาสสิกวิถีชีวิตและวัฒนธรรมของชาวจอมบึงไปพร้อมกับการวิ่งมาราธอนเตรียมตัวก่อนเปิดรับสมัครพร้อมกันเร็วๆ นี้มาร่วมเป็นส่วนหนึ่งของครอบครัวจอมบึงมาราธอน!",Others
MULTIVERSE FUTURE THAILAND,"“รอด” หรือ “ไม่รอด” อนาคตแบบไหนที่คุณเลือก? ใกล้เข้ามาแล้ว ที่คุณจะได้เป็นผู้เลือกโลกแห่ง “อนาคต” คุณจะเลือกทางไหน? ระหว่าง “ทางเลือก” ที่จะทำให้คุณต้องเสียเงินเพื่อซื้อ! น้ำสะอาดในราคาสูงลิ่ว ทัวร์ดำน้ำดูปะการังฟอกขาว หรือ ซื้อหน้ากากอนามัย ที่กลายเป็นปัจจัยห้าของมนุษย์ในอนาคตที่ขาดไม่ได้! แต่ในทางเลือกยังมี “ทางรอด” เชิญคุณมาสัมผัสทางที่เราจะได้มีอากาศบริสุทธิ์ คุณภาพชีวิตที่ดีและมาร่วมสร้างอนาคตไปกับโตโยต้า พร้อมแขกรับเชิญสุดพิเศษมากมาย อาทิ “ปอนด์-ภูวิน” ได้ที่งาน “MULTIVERSE FUTURE THAILAND ทางเลือก หรือ ทางรอด” พร้อมกิจกรรมสุดพิเศษที่ห้ามพลาด!Mini Talk กับ “กระติ๊บ + ลุงซาเล้งกับขยะที่หายไป” เวลา 16:00 - 17:00 น.
Mini Talk กับ “TAM DA” เวลา 17:00 - 17:15 น. 
Meet & Greet กับ “ปอนด์ - ภูวิน” เวลา 18:00 - 19:00 น.Workshop กับ “TAM DA” เวลา 13:00 - 18:00 น.    
Mini Talk กับ “สยาโม” เวลา 16:00 - 17:00 น.Workshop กับ “TAM DA” เวลา 13:00 - 18:00 น. ที่ชั้น 1 โซน Eden ณ ศูนย์การค้าเซ็นทรัลเวิลด์",Others
ปลูกสุข Festival,"เฮ็ดงานหนัก ใช้ชีวิตจนเบิดแฮง แวะพักให้เซาเมื่อยจักหน่อยดีบ่ พบกับเทศกาลศิลปะและสุขภาพใจภายในงาน ปลูกสุข Festival 17 - 19 มกราคม 2568 ภายในงานจะได้พบกับเครื่องมือสำรวจอารมณ์ ความรู้สึก
นิทรรศการเชื่อมใจคนต่างวัยให้เข้าหากัน
เวิร์คชอป เพื่อทำความเข้าใจภายในตัวเอง
พื้นที่พักใจ ปล่อยกาย ปล่อยใจกันให้เต็มที่
ตลาดนัด โชว์ของดีจากร้านค้าในพื้นที่
นอกจากนี้ ยังมีกิจกรรมอีกมากมายหลายรูปแบบ ที่จะพาทุกคนไปเรียนรู้และเข้าใจสุขภาพใจของตัวเอง รวมถึงกลับมาเชื่อมโยงกับสิ่งรอบตัวอีกครั้งไม่ว่าจะเป็นคนรุ่นใหม่ หรือรุ่นใหญ่ นักธุรกิจ หรือพ่อค้า แม่ค้าในตลาด มาเดี่ยว มาคู่ มาเป็นครอบครัว ก็สามารถเข้ามาชมเทศกาลกันได้ เราจะมาช่วยทำให้ ขอนแก่น เป็นเมืองฮีลใจกัน วันที่ 17 - 19 มกราคม 2568 ตั้งแต่เวลา 13.00 - 21.00 น. ณ พิพิธภัณฑ์ธนารักษ์ จังหวัดขอนแก่น (Map : https://maps.app.goo.gl/Qo1husycPVg1FbSj8?g_st=ic)",Art & Design
EduPLOYS Triple Game Northern Championship 2025,เตรียมพบกับการแข่งขัน เอ็ดดูพลอยส์ ทริปเปิ้ลเกม ชิงแชมป์ภาคเหนือ ประจำปี 2568 ชิงถ้วยรางวัลรัฐมนตรีว่าการกระทรวงศึกษาธิการ ภายในงานมีการแข่งขันตั้งแต่รุ่นประถมศึกษา มัธยมศึกษา จนถึงประชาชนทั่วไป รายการแข่งขันนี้เป็น Official Tournament จาก EduPLOYS ผู้คิดค้นพัฒนา ผลิต จัดจำหน่าย และเผยแพร่ เอแม็ท คำคม ครอสเวิร์ดเกม และซูโดกุโปร อย่างเป็นทางการมากว่า 40 ปี,Education
Chapter 0,"ซัพเพิลส์ แกลเลอรีภูมิใจนำเสนอ “Chapter 0” นิทรรศการเดี่ยวโดย พรนภา สิงห์ชนะด่าน จัดแสดงตั้งแต่วันที่ 18 มกราคม ถึง 22 กุมภาพันธ์ 2568 ในนิทรรศการเดี่ยวครั้งนี้ พรนภา สิงห์ชนะด่าน นำเสนอ ""สายรุ้ง"" สื่อถึงสัญลักษณ์อันทรงพลังแห่งความหวัง ศิลปินมีความหลงใหลในวัสดุสะท้อนแสง และสีสันที่สดใส เธอถ่ายทอดการเล่นสีของสายรุ้งบนพื้นผิวสะท้อนแสง สร้างช่วงเวลาแห่งแสงและสีที่กระตุ้นอารมณ์ และเชิญชวนให้ผู้ชมร่วมใคร่ครวญ และสำรวจความรู้สึกภายในตนเองการจัดวางชิ้นงานในนิทรรศการนี้สะท้อนความสัมพันธ์อันพลวัตระหว่างแสงและสี โดยชวนให้ผู้ชมร่วมสังเกตว่าการที่แสงมีพลังสัมพันธ์กับสีนั้น เป็นกระบวนการที่เป็นธรรมชาติอย่างมีระบบ และเมื่อแสงเลือนออกไป สีต่างๆ ก็ปรากฏขึ้นและจางหายไป เผยให้เห็นถึงธรรมชาติอันไม่จีรังของการเกิดปฏิสัมพันธ์นี้ ซึ่งเป็นภาพอุปมาถึงแก่นแท้แห่งความหวังชั่วคราวแต่ลึกซึ้งเฉกเช่นเดียวกับความหวัง สายรุ้งเป็นสิ่งที่หายากและอยู่เพียงชั่วครู่ จึงต้องใช้ความใส่ใจในการสังเกตเพื่อสัมผัสถึงความงดงามได้อย่างลึกซึ้ง ผลงานชุดนี้จึงกระตุ้นให้ผู้ชมหยุดพัก ใคร่ครวญ และค้นพบสายรุ้งภายในตัวเองอีกครั้ง",Art & Design
Chiang Mai Food Festival 2025,Chiang Mai Food Festival 2025 เตรียมพบกับเทศกาลอาหารที่อบอุ่นที่สุดแห่งปี นี่ไม่ใช่แค่เทศกาลอาหาร แต่คือการเฉลิมฉลองที่รวมเอา สุขภาพ ความสุข และวัฒนธรรม เข้าไว้ด้วยกัน! ค้นพบ รสชาติแห่งรากเหง้า เสวนาเรื่องอาหารการกินที่ส่งผลถึงความเป็นอยู่ที่ดี และนิทรรศการสูตรอาหารล้านนาที่หายไป ตลาดนัดชาติพันธุ์ ฯลฯ และร่วมลิ้มรสความหลากหลายทางวัฒนธรรมของเชียงใหม่ มาร่วมเปิดประสบการณ์อาหาร และการท่องเที่ยวเชิงสุขภาพ สาย healthy สาย wellness ไม่ควรพลาด,Food & Drink
อินกะนนท์ talk (and) show,"ครั้งแรก! TALK (AND) SHOW ของ ""อินทนนท์"" ใครที่อินกับนนท์ มาดูทอล์คโชว์นี้ จะยิ่งอินกับนนท์ ร้อง เล่น เต้น โชว์ ที่นี่ที่เดียว กับ ‘อิน กะ นนท์ ทอล์คโชว์‘ Regular Ticket 1,000.-VIP Ticket 1,500.-หมายเหตุ : บัตรของเราไม่ได้ระบุที่นั่ง รบกวนท่านผู้ชมทุกท่านมาก่อนเวลาเข้าชม 30 นาที",Concert
สระแก้ววินเทจ,"สระแก้ววินเทจ พบกับร้านค้าวินเทจแฟชั่น ชอปปิงสินค้าหลากหลายวันที่ 25 ม.ค. พบกับ วง The Jukks และวินเทจ แฟชั่นโชว์
และวันที่ 25 - 26 ม.ค. พบกับ DJ Tofufce",Beauty & Fashion
HUB OF SEAFOOD ครั้งที่ 2,งานอาหารทะเลสุดยิ่งใหญ่ HUB OF SEAFOOD ครั้งที่ 2 ยกขบวนอาหารทะเลสดใหม่จากท้องทะเล มารวมไว้ที่ เซ็นทรัลมหาชัยอิ่มอร่อยกับอาหารทะเลหลากหลายในราคาสุดพิเศษ พร้อมชมการสาธิตเมนูเด็ดจากร้านดัง พร้อมฟังเพลงเพราะๆชิวๆทุกคืน,Food & Drink
The Not-So-Simple Furniture and Things,"การจัดแสดงผลงาน ""เฟอร์นิเจอร์และสิ่งละอัน - ที่จะว่าเงียบง่ายก็ไม่เชิง"" (The Not-So-Simple Furniture and Things) โดยอุรสชนิตร ยอดประสิทธิ์พบกับผลงานจัดแสดงเฟอร์นิเจอร์และของใช้ที่อาจไม่เรียบง่ายเสียทีเดียวในงาน “The Not-So-Simple Furniture and Things: เฟอร์นิเจอร์และสิ่งละอัน - ที่จะว่าเรียบง่ายก็ไม่เชิง” ที่แอบผลิตลับ ๆ ในห้องใต้ดินประเทศเยอรมนี ในงานจะได้พบกับเฟอร์นิเจอร์และชิ้นงานตัวอย่างมากกว่า 10 ชิ้น ไม่ว่าจะเป็น โคมไฟ เก้าอี้ และโต๊ะขนาดเล็ก แถมท้ายด้วยสิ่ง (ที่จะว่าเรียบง่ายก็ไม่เชิง) อีก 7 อย่าง จาก Yodopurasito Design Studio ที่จะมาเรียกรอยยิ้ม หรือการขมวดคิ้วแบบงง ๆ จากท่านทั้งหลายได้ด้วยเช่นกัน""เฟอร์นิเจอร์และสิ่งละอัน - ที่จะว่าเงียบง่ายก็ไม่เชิง"" (The Not-So-Simple Furniture and Things) เป็นกิจกรรมภายใต้โครงการ Open Space @ TCDC ที่เปิดโอกาสให้กลุ่มคนครีเอทีฟได้แสดงศักยภาพ ด้วยการจัดแสดงผลงานและกิจกรรมสร้างสรรค์รูปแบบต่าง ๆ ที่ TCDC กรุงเทพฯ",Home & Furniture
Gracie Abrams: The Secret of Us Tour in Bangkok,"จากกระแสตอบรับล้นหลาม ทางผู้จัดฯ ขอแจ้งให้ทราบว่า คอนเสิร์ต Gracie Abrams: The Secret of Us Tour in Bangkok ที่จะจัดขึ้นในวันเสาร์ที่ 19 เมษายน มีการเปลี่ยนแปลงสถานที่จัดคอนเสิร์ต ซึ่งเดิมกำหนดจะจัดขึ้นที่ สามย่าน มิตรทาวน์ ฮอลล์ จะถูกจัดขึ้นที่ ""ยูโอบี ไลฟ์ ศูนย์การค้าเอ็มสเฟียร์"" แทน โดยจะเปิดจำหน่ายบัตรเพิ่มเติม ในวันศุกร์ที่ 31 มกราคม รับคิว 9.00 น. เปิดจำหน่ายเวลา 10.00 น. เป็นต้นไป ที่ bit.ly/gracieabramsbkkGracie Abrams (เกรซี เอบรามส์) นักร้อง-นักแต่งเพลงชาวอเมริกัน เจ้าของเพลงฮิตติดท็อปบิลบอร์ดชาร์ต ‘That’s So True’ และผู้ได้รับการเสนอชื่อรางวัลแกรมมี่ หนึ่งในผู้ที่ได้รับการพูดถึงในวงการเพลงมากที่สุดในปีที่ผ่านมา Gracie Abrams เริ่มต้นเส้นทางสายศิลปินในปี 2562 ด้วยสองซิงเกิ้ล ‘Mean It’ และ ‘Stay’ ปล่อยอีพีอัลบั้มแรก ‘minor’ ในปี 2563 ประกอบไปด้วยเพลงฮิตอย่าง ‘21’, ‘I miss you, I’m sorry’ และ ‘Long Sleeves’ และในปี 2564 จนถึง 2566 Gracie Abrams ได้ปล่อยอีพีอัลบั้มอย่าง ‘This Is What It Feels Like’ และ ‘Good Riddance’ โดยมาพร้อมกับทัวร์คอนเสิร์ตในอเมริกาเหนือที่สร้างสถิติโซลเอาท์ตั้งแต่ชั่วโมงแรกที่เปิดขายบัตร ตลอดจนพาเธอขึ้นแท่นเป็นแขกรับเชิญพิเศษ (Opening Act) บนเวทีคอนเสิร์ตระดับโลกอย่าง The Eras Tour ของ Taylor Swift ที่แวนคูเวอร์และโทรอนโต แคนาดาในปี 2567‘The Secret of Us’ อัลบั้มมาสเตอร์พีซล่าสุดของ Gracie ซึ่งปล่อยเมื่อเดือนมิถุนายนปีที่ผ่านมา ยังคงคอนเซ็ปต์มู้ดดี้ป็อปด้วยดนตรีโฟล์กบวกกับเนื้อเพลงสะเทือนอารมณ์ที่เป็นเอกลักษณ์ อัลบั้มนี้สร้างประวัติศาสตร์ใหม่ให้กับเธอด้วยการขึ้นสู่อันดับ 1 ชาร์ต Billboard 200 ในสหราชอาณาจักรและเนเธอแลนด์ รวมถึงเป็นอันดับ 2 บนชาร์ต Billboard 200 ในสหรัฐฯ เป็นครั้งแรก โดยในอัลบั้มนี้ประกอบไปด้วย ‘Close To You’ ซิงเกิ้ล 3 ล้านสตรีมบน Spotify ภายในวันแรก และ ‘I Love You, I'm Sorry’ ทะยานขึ้นเป็นอันดับ 11 ของชาร์ต Spotify ในสหรัฐฯ ‘The Secret of Us (Deluxe)’ อัลบั้มรีแพ็คเกจที่ปล่อยออกมาเมื่อเดือนตุลาคม พร้อมกับแทร็กล่าสุด ‘That’s So True’ สร้างปรากฏการณ์อีกครั้งด้วยยอดมากกว่า 100 ล้านครั้ง จนขึ้นเป็นอันดับ 1 บนชาร์ต Spotify ในสหรัฐฯ รวมทั้งเป็นอันดับ 1 บนชาร์ตเพลงในสหราชอาณาจักรต่อเนื่องนานถึง 2 สัปดาห์",Concert
คอนเสิร์ต 35 ปี คำภีร์ ถึงเพื่อน,คอนเสิร์ตครบรอบ 35 ปี ของนักร้องเพื่อชีวิต ปู พงษ์สิทธิ์ คำภีร์,Concert
รวมมิตร Charity Concert Festival,"รวมมิตร Charity Concert Festival รวมมิตรทุกความสุข ทุกความสนุกของ “ผู้ให้ย่อมเป็นที่รัก” ถือเป็นครั้งแรกของคอนเสิร์ตการกุศล ที่รวมทุกมิตรภาพระหว่าง ศิลปินคุณภาพหลากหลายแนวดนตรี โดยไม่แบ่งค่าย ไม่เลือกฝั่ง มาร่วมกันให้ความสุขกว่า 5 ชั่วโมง แบบ non stop โดยมีวัตถุประสงค์หลักเพื่อ นำรายได้หลังหักค่าใช้จ่ายมอบให้การกุศล ได้แก่ โรงพยาบาลศิริราช, โรงพยาบาลจุฬาลงกรณ์ สภากาชาดไทย, โรงพยาบาลธรรมศาสตร์เฉลิมพระเกียรติ, โรงพยาบาลตำรวจ, กองบัญชาการตำรวจสอบสวนกลาง, มูลนิธโรงเรียนตำรวจตระเวนชายแดน โรงพยาบาลสงฆ์ และโรงพยาบาลในเครือ กทม.",Concert
53rd National Book Fair & 23rd Bangkok International Book Fair 2025,"เตรียมตัวให้พร้อม กับสัปดาห์หนังสือแห่งชาติ ครั้งที่ 53 และสัปดาห์หนังสือนานาชาติ ครั้งที่ 23 งานหนังสือที่จัดอย่างยิ่งใหญ่ภายใต้ธีม “ย ยักษ์ อ่านใหญ่” ขยายพื้นที่แบบจัดเต็ม เอาใจนักอ่านทั่วไทยที่นี่คือสวรรค์ของคนรักหนังสือ รวมสำนักพิมพ์มากกว่า 1,000 บูธ หนังสือมากกว่า 2,000,000 เล่ม ครบทุกแนว ทุกสไตล์ พร้อมโปรโมชันสุดคุ้ม เดินเพลินไม่มีสะดุด พบกับนิทรรศการสุดว้าว กิจกรรมจัดเต็ม งานเดียวที่รวมความอลังการของหนังสือไว้ยิ่งใหญ่ที่สุดในประเทศไทย",Book
มหกรรมการเงินกรุงเทพ ครั้งที่ 23,งานมหกรรมการเงินกรุงเทพ ครั้งที่ 23 MONEY EXPO 2023 BANGKOK ปีที่ 23 ของงานมหกรรมการเงินการลงทุนครบวงจรที่ยิ่งใหญ่ที่สุด จัดโดย วารสารการเงินธนาคาร บริษัท มีเดีย แอสโซซิเอตเต็ด จำกัด กำลังจะจัดขึ้น ในธีม Green Finance for Green Living การเงินสีเขียว เพื่อชีวิตสีเขียวกระตุ้นให้ภาคการเงินผู้ใช้บริการได้ตระหนักถึงความสำคัญของการร่วมกันรักษาสิ่งแวดล้อม และให้บริการด้านการเงินการลงทุนที่ตอบโจทย์สำหรับทุกความต้องการ ใน 7 โซนบริการ โซนตลาดเงิน โซนตลาดทุน โซนประกัน โซนรถยนต์และอสังหาริมทรัพย์ โซน Shopping & Life Style โซนอาหาร by Gourmet & Cuisine และงาน Health & Wellness Expo,Business
Smart SME Expo 2023,"บริษัท พีเอ็มจี คอร์ปอเรชั่น จำกัด ร่วมกับหน่วยงานพันธมิตรทั้งภาครัฐและเอกชน จัดงานสุดยอดธุรกิจแฟรนไชส์ ครั้งที่ 9 ยิ่งใหญ่แห่งปี ""Smart SME EXPO 2023"" ภายใต้คอนเซ็ปต์ 9 Mega Trends รวม 9 เทรนด์ธุรกิจสุดฮิต ไม่ว่าจะเป็น Franchise Trends, Beauty Trends, Street Food Trends, Coffee & Beverage Trends, Health & Wellness Trends , Technology Trends, Customer Service Trends, Education Trends, และ E-Commerce Trends จัดเต็มธุรกิจแฟรนไชส์เด่นดังพาเหรดมาให้เลือกลงทุนหลายระดับร่วม 250 บูธ ในงบลงทุนเริ่มต้นหลักพัน หลักหมื่น ไปจนถึงหลักล้าน นอกจากนี้ยังมีกิจกรรมเจรจาจับคู่ธุรกิจทั้งในและต่างประเทศ สินเชื่อดอกเบี้ยต่ำสำหรับเอสเอ็มอีจากสถาบันการเงินชั้นนำมากมาย พร้อมโซลูชั่นส์ดี ๆจากหน่วยงานภาครัฐที่จัดพิเศษเพื่อผู้ประกอบการในงานก่อนใคร อีกทั้งยังมีกิจกรรมเสวนาให้ความรู้อัพเดทเทรนด์ธุรกิจใหม่ และกิจกรรมอบรมอาชีพฟรีอย่างต่อเนื่องตลอดวัน หากคุณคือผู้ประกอบการที่ต้องการขยายตลาดเพิ่ม หรือผู้สนใจอยากเปิดร้านเริ่มต้นธุรกิจ ล็อคคิวให้แน่นแล้วพบกันในงาน Smart SME EXPO 2023 วันที่ 6-9 กรกฎาคม 2566 ณ ฮอลล์ 7-8 อิมแพ็ค เมืองทองธานี",Business
มหกรรมวิทยาศาสตร์และเทคโนโลยีแห่งชาติ ประจำปี 2566,แนวคิด For Bright and Creative Generations ส่งเสริมการเกิดความคิดสร้างสรรค์ทางวิทยาศาสตร์ เทคโนโลยีและนวัตกรรม ผสานกับศิลปะในมุมของการขับเคลื่อน พัฒนา เศรษฐกิจสร้างสรรค์ ตามแนวทางพระราชดำริ ปรัชญาเศรษฐกิจพอเพียง และ BCG Model (Bio – Circular – Green Economy),Technology
TechnoMart 2023,กลับมาพบกันอีกครั้ง!  งานเทคโนโลยีและนวัตกรรมของไทย ประจำปี 2566 ภายใต้แนวคิด “BCG พลิกโฉมประเทศไทย สู่เศรษฐกิจสร้าคุณค่า สังคมเดินหน้าอย่างยั่งยืน”พบกับไฮไลต์ กิจกรรมพิเศษ จัดใหญ่ จัดเต็มตลอดการจัดงาน 5 วัน แล้วมาพบกันนะคะ 11-15 สิงหาคม 2566 เวลา 09.00-19.00น. อิมแพ็ค เมืองทองธานี Hall12,Technology
สไตล์ กรุงเทพ 2025,STYLE Bangkok 2025: งานแสดงสินค้าไลฟ์สไตล์และแฟชั่นระดับสูงสุด — งานแสดงสินค้าไลฟ์สไตล์และแฟชั่นชั้นนำที่รวบรวมผู้สร้างสรรค์ทั้งชาวไทยและต่างชาติ,Beauty & Fashion
งาน Boilex Asia & Pumps and Valves Asia 2025,"งานแสดงโซลูชันล้ำสมัยที่ช่วยเพิ่มประสิทธิภาพการใช้พลังงานและส่งเสริมแนวทางความยั่งยืน ด้วยเทคโนโลยีหม้อไอน้ำ ภาชนะรับแรงดัน ปั๊ม วาล์ว ท่อ ข้อต่อ และอุปกรณ์ที่เกี่ยวข้อง ถือเป็นเวทีธุรกิจที่ยอดเยี่ยมสำหรับการสร้างความร่วมมือใหม่ๆ โอกาสทางธุรกิจ และการพัฒนาอุตสาหกรรม ภายใต้ธีม ""นวัตกรรมดิจิทัล เพื่อขับเคลื่อนอุตสาหกรรมอย่างมีประสิทธิภาพและเป็นมิตรต่อสิ่งแวดล้อม"" โดยเน้นที่การจัดการพลังงานด้วยโซลูชันดิจิทัลอย่างอัจฉริยะในการปรับปรุงกระบวนการผลิตให้มีประสิทธิภาพ",Technology
งานมหกรรมหนังสือนานาชาติกรุงเทพฯ 2567,ถือว่าการอ่านเป็นกีฬาคุณคือใครในสนามแข่งนี้! นักอ่านมืออาชีพนักอ่านระดับชาตินักอ่านมือหรือโค้ชนักอ่านในตำนานนี้สามารถอ่านได้ทุกเล่ม!ครั้งอีกครั้งกับสนามของสิงห์นักอ่านที่คับคั่งพร้อมกับหนังสือและเพื่อนนักอ่านคอเดียวกันกับงานสัปดาห์หนังสือแห่งชาติ ครั้งที่ 52 และงานสัปดาห์หนังสือนานาชาติ ครั้งที่ 22 จะเริ่มต้นหรือระดับเซียนใครก็ต้องมามากมายที่กิจกรรมอุ่นเครื่องเตรียมพร้อม ณ จุดสตาร์ทพร้อมชนกองทัพหนังสือ อ่านกันแบบมาราธอนไปกับ Booklympics!,Book
สัปดาห์หนังสือแห่งชาติ ครั้งที่ 51 และสัปดาห์หนังสือนานาชาติครั้งที่ 21,งานสัปดาห์หนังสือฯ ครั้งนี้ จัดภายใต้แนวคิด “Bookfluencer” อินฟลูสายนำอ่าน เป็นเทรนด์ใหม่ที่สร้างแรงดึงดูด เปลี่ยนมุมมองใหม่ให้คนทั่วไปมองว่า อ่านแล้วมัน Smart ขึ้นได้ขนาดไหน สิ่งใหม่ๆ ที่ได้อ่านจากหนังสือจะเปลี่ยนให้คุณเป็นคนใหม่ ในเวอร์ชันที่ดีกว่า ดังนั้นไม่ว่าใครๆ ก็สามารถเป็น “Bookfluencer” ได้,Book
Furniture FAIR 2023 / POWER BUY ELECTRONICS FAIR / ELECTRONIC FAIR 2023,อลังการงานแฟร์ เพื่อบ้าน งานแสดงสินค้าของวงการสินค้าเฟอร์นิเจอร์ที่สมบูรณ์แบบ มีครบทั้งเฟอร์นิเจอร์ ของแต่งบ้าน สำหรับท่านที่กำลังมองหาเฟอร์นิเจอร์ และสินค้า  ตกแต่งบ้าน  มีให้เลือกอย่างครบครันมากมาย พบกับสินค้าเครื่องใช้ไฟฟ้า  หลากหลายแบรนด์ชั้นนำ อาทิเช่น ทีวี ตู้เย็น เครื่องปรับอากาศ เครื่องซักผ้า และ สินค้าอีกมากมาย  ลดแรง โปรปัง  โปรแรง จัดหนัก นำมาลดราคาพร้อมเงื่อนไขพิเศษ  ให้คุณช้อปแบบจุใจ ที่คุณต้องไม่พลาดสำหรับโปรโมชั่นนี้ พร้อมกับโซนอาหารพร้อมรับประทานมีให้ได้เลือกสรรอย่างมากมาย,Home & Furniture
4 Queens Concert,"การรวมตัวกันครั้งยิ่งใหญ่ของ 4 ควีนแห่งยุค Ink Waruntorn • bowkylion • Violette Wautier • Zom Marieใน The Concert Application presents 4 Queens Concert ที่ 4 ควีนจะมาโชว์บนเวทีเดียวกันครั้งแรก ในอิมแพ็ค ชาเลนเจอร์ฮอลล์ที่รองรับผู้ชมได้ถึง 15,000 คนและนี่ นี่สิคือความเริ่ด! คุณจะได้ชมโชว์ร่วมสุดอลังที่รับรองว่าไม่เคยรับชมมาก่อนไม่ว่าโลกนี้หรือโลกไหนพร้อมแขกรับเชิญสุดปัง ที่ถ้าเปิดไพ่ออกมา รับรองว่าต้องร้องกรี๊ด กรี๊ดสิคะ กรี๊ดมันออกมาศึกนี้ต่อให้หนักหนาแค่ไหน ก็ต้องพร้อม!",Concert
ไทยแลนด์ เมก้า โชว์ 2013,งานแสดงสินค้าเพื่อผู้บริโภคที่ยิ่งใหญ่ที่สุดของประเทศไทย Thailand’s Largest Consumer Fair งานแสดงสินค้าไลฟ์สไตล์เพื่อผู้บริโภคที่ยิ่งใหญ่ที่สุดในประเทศไทย รวบรวมกลุ่มสินค้าทุกประเภทเพื่อตอบสนองความต้องการของผู้ชมงาน ทั้งสินค้าในชีวิตประจำวันและสินค้าเพื่อการช้อปปิ้ง ยิ่งใหญ่เต็มพื้นที่,Business
เอไอดีเอฟ เอเชีย-แปซิฟิก 2013,งาน AIDF Asia-Pacific เป็นงานสัมมนาและงานแสดงสินค้าเชิงธุรกิจชั้นนำระดับโลก ด้านการให้ความช่วยเหลือทางด้านมนุษยธรรม การฟื้นฟู และการพัฒนา โดยภายในงาน จะมีการแสดงนวัตกรรม สินค้าและบริการที่เกี่ยวข้อง เวทีเสวนาด้านโยบายระดับสูง เวิร์คช้อปทางด้านปฏิบัติการ รวมถึงเวทีที่เปิดโอกาสให้ผู้แสดงงานได้นำเสนอแนวทางและคำตอบว่าสินค้าและบริการของเขาจะช่วยแก้ปัญหาได้อย่างไร,Business
มหกรรมลดทะลุพิกัด 2556 ครั้งที่ 4,สินค้าแบรนด์ชั้นนำทั้งในห้างสรรพสินค้า และร้านค้าชั้นนำในศูนย์การค้าพร้อมรับข้อเสนอพิเศษสำหรับสมาชิกบัตรเครดิตชั้นนำต่างๆ,Others
วันนักประดิษฐ์ ประจำปี 2556,กิจกรรมภายในงานจัดเป็น นิทรรศการผลงานวิจัยและการประดิษฐ์คิดค้นการมอบรางวัลสภาวิจัยแห่งชาติ การประกวดผลงานประดิษฐ์คิดค้นในระดับเยาวชนที่มีความคิดสร้างสรรค์ การถ่ายทอดเทคโนโลยีเพื่อขยายผลสิ่งประดิษฐ์และนวัตกรรมสู่การใช้ประโยชน์ เพื่อถ่ายทอดความรู้และการใช้ประโยชน์จากงานวิจัยและสิ่งประดิษฐ์ในด้านต่างๆ ให้บริการปรึกษาแก่ผู้ประดิษฐ์เพื่อนำผลงานออกไปสู่เชิงพาณิชย์ ให้บริการปรึกษาแก่ผู้ประดิษฐ์ที่สนใจนำผลงานเข้า จดสิทธิบัตร จำหน่ายผลิตภัณฑ์/ผลผลิตจากสิ่งประดิษฐ์ที่มีคุณภาพจากนักประดิษฐ์กิจกรรมและการแสดงบนเวที,Education
งานศิลปหัตถกรรมนักเรียนระดับชาติครั้งที่ 62 ปีการศึกษา 2555 สุดยอดเด็กไทยมุ่งมั่น สร้างสรรค์แบบอย่างด้วยปัญญา,"นิทรรศการ, การแข่งขันทักษะทางวิชาการ, เวทีการประกวด การแสดงกิจกรรม""และจำหน่ายผลิตภัณฑ์นักเรียน เช่น สินค้าหัตถกรรม, สาธิตทำอาหาร น้ำผลไม้""และจำหน่าย, ดอกไม้ประดิษฐ์ เป็นต้น",Education
งานแสดงสินค้าเฟอร์นิเจอร์ 2556,"สินค้าที่จัดแสดง ได้แก่ เฟอร์นิเจอร์ภายในบ้าน, วัสดุอปกรณ์ที่เกี่ยวข้องอีกากมาย",Home & Furniture
งานแสดงสินค้าแฟชั่นและงาน แสดงสิน ค้าเครื่องหนัง 2013,"งานแสดงสินค้าแฟชั่น การดีไซน์, ผ้าผืน, เส้นด้าย, เส้นใยรับจ้างผลิต (OEM/ODM), วัสดุอุปกรณ์ที่ใช้ประดับสำหรับตกแต่งผ้าและเครื่องนุ่งห่ม, เสื้อผ้าแบรนด์ที่เป็น Mass, ผู้ค้าส่งเสื้อผ้า/ผ้าผืนผ้า, เสื้อผ้าไหม/ฝ้าย   งานฝีมือสไตล์เอเชีย/OTOP, บูธจากต่างประเทศ เครื่องประดับแฟชั่น อาทิ เข็มกลัด สร้อย/กำไล/กิ๊บที่คาดผม/ผ้าคลุมไหล่/หมวก กระเป๋าแฟชั่น/เดินทาง/สำนักงาน,รองเท้าทุกชนิด, หนังฟอก/หนังแผ่น เครื่องจักร/อุปกรณ์ที่ใช้ตกแต่งบริการสำหรับใช้ในธุรกิจแฟชั่น สิ่งทอ  เสื้อผ้า เครื่องหนังและรองเท้า",Beauty & Fashion
เฟอร์นิเจอร์ โชว์,งานแสดงสินค้าเฟอร์นิเจอร์ และของตกแต่งบ้าน ที่ยิ่งใหญ่ที่สุดของเมืองไทย Greatest Furniture and Decorative items Fair of Thailand งานแสดงสินค้าเฟอร์นิเจอร์ และของตกแต่งบ้านที่รวบรวมผู้ผลิต และผู้จำหน่ายเฟอร์นิเจอร์ มากที่สุดของเมืองไทย หลากหลายดีไซน์เฟอร์นิเจอร์ประเภทสินค้าภายในงานเฟอร์นิเจอร์ และสินค้าตกแต่งบ้าน หลากหลายสไตล์ จากกลุ่มผู้ผลิตเฟอร์นิเจอร์ชั้นนำทั่วประเทศเครื่องใช้ไฟฟ้าทุกชนิด ทั้งโทรทัศน์ เครื่องเสียง โฮมเธียรเตอร์ สิ่งอำนวยความสะดวกภายในบ้าน,Home & Furniture
มหกรรมช่องทางทำกิน 2556,งานแสดงสินค้าและจุดประกายความคิดในการทำมาหากินเพื่อที่จะก้าวไปสู่เศรษฐีซึ่งภายในงานจะแบ่งเป็นโซนต่างๆ เช่น โซนอาหาร แฟรนไชส์ โซนสินค้าของ ส่งออก โซนท่องเที่ยว รวบรวมทริปท่องเที่ยว โรงแรม การเดินทาง โซนสินค้าดีราคาประหยัด ลดราคาถล่มทลาย โซนขายของดารา ภายในงานมีกิจกรรมเกี่ยวกับช่องทางการบริหารธุรกิจ แฟรนไชส์ และร้านค้า มีการประกวดแข่งขันต่างๆ เช่น ทำอาหาร ขนมเป็นต้น ซึ่งผู้ที่เข้ามาภายในงานจะได้ความรู้ สินค้าติดไม้ติดมือ และ แรงบันดาลใจกลับไปต่อยอดต่อไป,Others
งานสถาปนิก 13,งานแสดงสินค้าและนิทรรศการเพื่อเผยแพร่ผลงานด้านวิชาชีพสถาปัตยกรรมเทคโนโลยี และนวัตกรรมด้านวัสดุก่อสร้าง ตลอดจนบริการที่เกี่ยวข้อง,Art & Design
งานมหกรรมปศุสัตว์แห่งชาติ ปี 2556,งานแสดงนิทรรศการประชาสัมพันธ์งานด้านปศุสัตว์ ประชุมวิชาการ และจำหน่ายผลิตภัณฑ์กรมปศุสัตว์,Others
งานมหกรรมผลิตภัณฑ์ชุมชนกรุงเทพมหานคร 2013,งานแสดงสินค้าผลิตภัณฑ์ชุมชนคุณภาพดีหลากหลายชนิดจาก 50 เขต ทั่วกรุงเทพฯ กว่า 500 ร้านค้า ภายในงานมีการออกร้านสินค้าผลิตภัณฑ์ชุมชนและจำหน่ายสินค้าอุปโภคบริโภคราคาประหยัด อาทิ อาหาร เครื่องดื่ม เสื้อผ้าเครื่องแต่งกาย ของตกแต่ง อาหารอร่อยชวนชิม ของดี กทม. การจำลองตลาดโบราณในรูปแบบบางกอกย้อนยุค การอบรมวิชาชีพระยะสั้น นวดแผนไทย นอกจากนี้ ยังจัดกิจกรรมโปรโมชั่นนาทีทองนำสินค้ามาจัดจำหน่ายในราคาต่ำกว่าท้องตลาด,Others
มันนี่ เอ็กซ์โป 2013,ตลาดนัดทางการเงินและการลงทุนเพื่อลูกค้ารายย่อย ธุรกิจขนาดเล็ก และเอสเอ็มอี ที่มีบริการทางการเงินและการลงทุนครบวงจรที่สุดในประเทศไทยและในภูมิภาค,Business
The Biggest Fair 2013,"งาน “เฟอร์นิเจอร์ แฟร์”  เป็นโซนที่รวบรวมเฟอร์นิเจอร์จากผู้ผลิตและผู้นำเข้าทั้งในและต่างประเทศกว่า 300 ราย  ที่จะนำสินค้าใหม่ ๆ  ที่มีความโดดเด่นทางด้านวัสดุการผลิตและนวัตกรรมการออกแบบที่ทันสมัย  ซึ่งเป็นเทรนด์การออกแบบในปี 2556  มาให้ผู้เข้าร่วมงานได้สัมผัสและเลือกซื้อในราคาพิเศษ งาน “แฟชั่น, จิวเวลี่ แอนด์ บิวตี้ แฟร์”  โซนที่รวมธุรกิจที่เกี่ยวข้องกับความงาม อาทิ เสื้อผ้า  เครื่องประดับ และสปา เป็นต้นงาน “เวดดิ้ง แฟร์”  ภายในงานมีผู้ประกอบการธุรกิจเวดดิ้งชื่อดังกว่า 14 โชว์รูม  มาร่วมออกบูธพร้อมจัดแคมเปญสำหรับคู่รักให้ได้เลือกอย่างมากมายงาน “แสดงเครื่องใช้ไฟฟ้า และเครื่องเสียงลดราคา”  เป็นการรวบรวมผู้ประกอบการเครื่องใช้ไฟฟ้าแบรนด์ดังชั้นนำมาไว้ในพื้นที่เดียวกัน อาทิ ซัมซุง, แอลจี, พานาโซนิค, โซนี่, ฟิลลิปส์ ฯลฯ  ผู้ประกอบการแต่ละค่ายจะนำเครื่องใช้ไฟฟ้าใหม่ ๆ  มาเปิดตัวในงานนี้พร้อมจัดโปรโมชั่นพิเศษสำหรับลูกค้าโซนอาหารปรุงสำเร็จงาน “ซุปเปอร์คาร์ แอนด์ อิมพอร์ต คาร์ โชว์ ครั้งที่ 4”  ซึ่งเป็นโซนไฮไลท์  งานแสดงรถยนต์ระดับพรีเมี่ยมชั้นนำของทุกค่ายที่มารวมตัวกันครั้งยิ่งใหญ่แห่งปี  เพื่อให้คนรักความเร็วได้เลือกช็อปและสัมผัสรถซุปเปอร์คาร์  และรถยนต์หรูระดับพรีเมียมจากแบรนด์ดังจากทั่วโลก",Home & Furniture
การประชุมวิชาการบำบัดโรคสัตว์เลี้ยง ปีที่ 7,ได้รับการจัดต่อเนื่องมาเป็นประจำทุกปีตั้งแต่ปี 2550 การประชุมวิชาการบำบัดโรคสัตว์เลี้ยง ถือเป็นงานประชุมใหญ่สามัญประจำปีของสัตวแพทย์จากทั่วประเทศไทยและจากต่างประเทศ เพื่อเผยแพร่ความรู้ ทักษะ ความสามารถในด้านวิชาการ ด้านการรักษา และเทคโนโลยีที่ทันสมัยใหม่ๆให้แก่สัตวแพทย์ผู้เข้าร่วมงาน โดยมีการเชิญสัตวแพทย์ผู้เชี่ยวชาญระดับโลกมาเป็นวิทยากรในการบรรยายในหัวข้อต่างๆ,Education
LED Expo Thailand 2013,งาน LED Expo Thailand 2013 เป็นเวทีที่ผู้ประกอบการชั้นนำได้นำเสนอผลิตภัณฑ์ LED โดยตรงต่อผู้บริโภค รวมถึงกลุ่มผู้ซื้อในภาคอุตสาหกรรมและหน่วยงานต่าง ๆ ทั้งจากในและต่างประเทศ งานนี้นอกจากจะเป็นการจัดแสดงนวัตกรรมซึ่งถือเป็นเวทีเจรจาธุรกิจ พร้อมทั้งจัดจำหน่ายผลิตภัณฑ์ LED แล้ว ยังมีการจัดประชุมสัมมนา โดยเชิญวิทยากรผู้เชี่ยวชาญจากทั้งในและต่างประเทศมาร่วมแบ่งปันความรู้และประสบการณ์ รวมทั้งโซนเวิร์คชอป ให้ผู้ร่วมชมงานได้รับความรู้ความเข้าใจถึงการใช้งาน และประโยชน์จากผลิตภัณฑ์ LED อีกด้วย,Business
โอท้อป มิดเยียร์ 2013,การจำหน่ายสินค้า OTOP จากทั่วประเทศกว่ามาจำหน่ายอาหาร OTOP ชวนชิมของทุกจังหวัด ชมนิทรรศการผลการดำเนินงานของเครือข่ายองค์ความรู้ KBO จังหวัด และสาธิตกระบวนการผลิต OTOP ดีเด่นของ 4 ภาค บริการด้านการพัฒนามาตรฐานผลิตภัณฑ์ การจดทะเบียน ทรัพย์สินทางปัญญา การจดแจ้ง เครื่องสำอางค์ การให้บริการจากโครงการต้นกล้าอาชีพ การให้ความรู้กระบวนการ คัดสรรสุดยอดหนึ่งตำบล หนึ่งผลิตภัณฑ์ไทย (1-5 ดาว) จากทุกหน่วยงานที่เกี่ยวข้อง และการให้บริการการเข้าถึงแหล่งทุนจากธนาคารต่างๆ ในการจัดงานครั้งนี้ด้วย”,Others
ไทยแลนด์ เทรเวลมาร์ท พลัส 2556 (TTM+ 2013),การท่องเที่ยวแห่งประเทศไทย จัดงาน “ไทยแลนด์ ทราเวล มาร์ท พลัส” (TTM Plus) หรือการท่องเที่ยวของไทย เพื่อเปิดโอกาสให้ผู้บริโภคทั้งในประเทศและต่างประเทศ เข้าร่วมการเจรจากับตัวแทนบริษัทท่องเที่ยวภายในประเทศเป็นหลัก ยังเป็นการสนับสนุนการเดินทางเชื่อมโยงระหว่างภูมิภาค เพื่อแสดงถึงความเป็น เกตุเวย์ของไทย เปิดประตูแหล่งท่องเที่ยวใหม่ในกลุ่มประเทศเพื่อนบ้าน,Business
Bangkok Furniture Fair 2013,Bangkok Furniture Fair 2013,Home & Furniture
งานแสดงสินค้า แฟชั่นเสื้อผ้า และ เครื่องประดับ,ช้อปกระจาย กับงานแสดงสินค้าที่คัดสรรสินค้าแฟชั่น อินเทรนด์ทุกสไตล์ ทั้งเสื้อผ้า รองเท้า กระเป๋า หรือแม้แต่ เครื่องประดับสุดหรู ในราคาที่คุณไม่อาจมองผ่านไปได้ประเภทสินค้าภายในงานเสื้อผ้า แฟชั่น เครื่องแต่งกาย ทุกชนิด ทั้งสุภาพบุรุษ และสุภาพสตรีเครื่องประดับ และอัญมณี รวมทั้ง เครื่องประดับแฟชั่น และสินค้าที่เกี่ยวข้องกับเครื่องประดับเครื่องหนัง กระเป๋า รองเท้า แว่นตา และนาฬิกาข้อมือเวลา : 11.00-21.00 น.,Beauty & Fashion
SME ไทยแลนด์ เอ็กซโป 2556,"ภายในงานประกอบไปด้วยองค์ความรู้จากทั้งภาครัฐและเอกชน การพัฒนาเทคโนโลยีเพื่อเพิ่ม มูลค่าให้กับสินค้าและผลิตภัณฑ์ต่างๆ รวมถึงสถาบันการเงินมากมายที่พร้อมให้คำปรึกษาในเรื่องแหล่งเงินทุน นอกจากนี้ ในงานจะมีผู้ประกอบการ SMEs จากหลากหลายสาขา เข้าร่วมแสดงสินค้าและนวัตกรรมกว่า 400 บูธ อีกทั้งยังมีกิจกรรมเสริมความรู้ สร้างอาชีพ ที่น่าสนใจจำนวนมาก อาทิ Business Matching กับเทรดดิ้งชั้นนำ, สัมมนา เพื่อต่อยอดเพื่อพัฒนาธุรกิจ และ กิจกรรม DIY. หลากหลายโดนใจ เป็นต้น",Business
งานแสดงสินค้าอัญมณีและเครื่องประดับ ครั้งที่ 52,งานแสดงสินค้าอัญมณี และเครื่องประดับที่ใหญ่ที่สุดในเอเชีย พบผู้ผลิตผู้จำหน่ายอัญมณีทั้งในและต่างประเทศ รวมทั้งกิจกรรมหลากหลายภายในงาน,Beauty & Fashion
งานมหกรรมทางการศึกษาเพื่อพัฒนาวิชาชีพครู ครั้งที่ 6,งานมหกรรมทางการศึกษาเพื่อพัฒนาวิชาชีพครูครั้งที่ 6 จัดโดยสำนักงานคณะกรรมการการศึกษาขั้นพื้นฐาน คณะครุศาสตร์ จุฬาลงกรณ์มหาวิทยาลัย สมาคมวิทยาศาสตร์และเทคโนโลยีศึกษา ภายใต้แนวคิด “Strong Performers and Successful Reformers” ประกอบด้วยการประชุมนานาชาติโดยผู้ทรงคุณวุฒิทาการศึกษา จากประเทศต้นแบบความสำเร็จ การประชุมเชิงปฎิบัติการเน้นการพัฒนาทักษะการสอน การบริหารจัดการชั้น เรียน ฟอรั่มผู้บริหารสถานศึกษาและการแสดงสินค้าและบริการทางการศึกษา,Education
งานวิศวกรรมแห่งชาติ ประจำปี พ.ศ. 2556,นิทรรศการด้านวิศวกรรมที่ยิ่งใหญ่ที่สุดของประเทศไทย นำเสนอข้อมูลและความรู้ด้านต่างๆ ผ่านนิทรรศการ การประชุม สัมมนาและเวิร์คชอปที่น่าสนใจเกี่ยวกับแวดวงวิศวกรรมครอบคลุมวิศวกรรมทั้ง 9 สาขา ได้แก่ วิศวกรรมคอมพิวเตอร์ วิศวกรรมอุตสาหการ วิศวกรรมไฟฟ้า วิศวกรรมโยธาวิศวกรรมเหมืองแร่และปิโตรเลียม วิศวกรรมสิ่งแวดล้อม วิศวกรรมยานยนต์ วิศวกรรมเครื่องกล และวิศวกรรมสหสาขา,Education
COMMART UNLOCK,"The No. 1 IT product show and distribution event in Thailand. Meet the new technology of notebooks, DIY computers, gaming devices, smartphones, tablets, gadgets, IoT and the hottest promotions of the middle of the year.",Technology
Furniture Fair 2020,ตอบสนองความต้องการของผู้ชมงานในงาน Furniture Fair,Home & Furniture
FURNITURE MEGA SHOW,งานใหญ่ของวงการสินค้าเฟอร์นิเจอร์ งานแรกของปี ท่านต้องไม่พลาดมางานนี้,Home & Furniture
มามามู เวิลด์ทัวร์ [มาย คอน] - แบงค็อก,เวิลด์ทัวร์คอนเสิร์ตเต็มรูปแบบครั้งแรกของมามามู นับจากเดบิวต์ตั้งแต่ปี 2014,Concert
Thailand Ads Multiverse,Thailand Ads Multiverse รวมสุดยอดกลยุทธ์ของคนทาธุรกิจออนไลน์ กับ 18 Speakerที่มีประสบการณ์ในการทาการตลาดออนไลน์มามากกว่า 5 ปี จากแพลทฟอร์มต่างๆ\มาถ่ายทอดวิธีการเอาตัวรอดดว้ ยกลยุทธ์และวิธีคิด เพื่อใหธุ้รกิจสามารถไปต่อและเติบโตไดม้ ากที่สุดในปี 2566,Business